youtuber name,channel name,Category,Audience Country,avg views,avg likes,avg comments,Subscribers
tseries,T-Series,Music & Dance,India,323.7K,9.8K,290,212.1M
checkgate,Cocomelon - Nursery Rhymes,Education,N/A,13.8M,80.9K,N/A,132.1M
setindia,SET India,,India,23.6K,314,21,130.4M
PewDiePie,PewDiePie,Animation,United States,1.4M,80.8K,4.6K,111.4M
MrBeast6000,MrBeast,Video games,United States,30.6M,1.7M,67.7K,92.5M
✿ Kids Diana Show,✿ Kids Diana Show,Animation,N/A,10.6M,46.8K,N/A,92.4M
Like Nastya,Like Nastya,Animation,N/A,13.7M,74.2K,N/A,90.1M
WWEFanNation,WWE,Video games,United States,76.6K,2.8K,163,86.9M
zeemusiccompany,Zee Music Company,Music & Dance,India,108.7K,4.2K,155,82.7M
Vlad and Niki,Vlad and Niki,Toys,N/A,7M,42.2K,N/A,80.4M
5-Minute Crafts,5-Minute Crafts,,United States,255.6K,2.1K,68,76.2M
kidrauhl,Justin Bieber,Music & Dance,United States,2.7M,162.7K,7.9K,68.1M
GoldminesTelefilms,Goldmines,,India,107.1K,1K,39,67.9M
CanalKondZilla,Canal KondZilla,Music & Dance,Brazil,36.8K,2.3K,153,65.5M
BANGTANTV,BANGTANTV,Music & Dance,United States,2.8M,598.9K,14.2K,65M
sabtv,Sony SAB,Movies,India,46.5K,899,27,64.9M
ibighit,HYBE LABELS,Music & Dance,United States,401.7K,62.3K,2.6K,64.7M
zeetv,Zee TV,,India,146.2K,1.8K,17,61.5M
filmigaane,Shemaroo Filmi Gaane,Music & Dance,India,64.5K,631,33,59.2M
corycotton,Dude Perfect,Video games,United States,10.3M,375.7K,9.1K,57.4M
SmartBooksMedia,Pinkfong Baby Shark - Kids' Songs & Stories,Animation,N/A,412K,1.4K,N/A,56.6M
ChuChu TV Nursery Rhymes & Kids Songs,ChuChu TV Nursery Rhymes & Kids Songs,Education,N/A,498.7K,5.4K,N/A,55.2M
Marshmello,Marshmello,Music & Dance,United States,636K,47.4K,4.9K,55M
BHOJPURIWAVE,Wave Music,Music & Dance,India,85.8K,1.4K,155,51.5M
colorstv,Colors TV,,India,20.2K,290,8,51.2M
aajtaktv,Aaj Tak,News & Politics,India,8.9K,128,10,50.9M
sonymusicindiaSME,Sony Music India,Music & Dance,India,60.2K,2.6K,75,50.3M
tipsmusic,Tips Official,Music & Dance,India,230.8K,1.8K,85,49.9M
ReinoMariaElenaWalsh,El Reino Infantil,Music & Dance,N/A,254.4K,1K,N/A,48.9M
LooLooKids,LooLoo Kids - Nursery Rhymes and Children's Songs,Music & Dance,N/A,1.7M,7.4K,N/A,48.7M
tseriesbhakti,T-Series Bhakti Sagar,Music & Dance,India,26.4K,1.2K,73,48.3M
Badabun,Badabun,,Mexico,4.9K,129,14,45.5M
JuegaGerman,JuegaGerman,Animation,Mexico,1.4M,140.7K,4.8K,45.5M
yrf,YRF,Music & Dance,India,184.2K,5.5K,104,45.3M
Billie Eilish,Billie Eilish,Music & Dance,United States,1.3M,149.7K,7.2K,45.1M
felipeneto,Felipe Neto,,Brazil,280.6K,34K,245,44M
whinderssonnunes,whinderssonnunes,Movies,Brazil,140.8K,17K,145,43.8M
BRIGHT SIDE,BRIGHT SIDE,Animation,United States,79.7K,1.9K,137,43.2M
KatyPerryMusic,Katy Perry,Music & Dance,United States,151.6K,10.7K,824,42.6M
vcsabiavideos,Você Sabia?,,Brazil,987.2K,129K,2.7K,42.6M
infobellshindirhymes,Infobells - Hindi,Education,India,883.3K,4.7K,N/A,42.6M
DjWalkzz,Alan Walker,Music & Dance,United States,146.7K,12.9K,378,41.6M
sonymusicindiaVEVO,SonyMusicIndiaVEVO,Music & Dance,India,2.3K,136,19,41.2M
Like Nastya Show,Like Nastya Show,Animation,N/A,723.9K,3.5K,N/A,40.8M
speedrecordss,Speed Records,Music & Dance,India,42.3K,1.8K,79,40M
A4,A4,Animation,Russia,12.3M,650.5K,43.9K,39M
ABSCBNOnline,ABS-CBN Entertainment,,Philippines,1.7K,26,1,38.8M
getmovies,Get Movies,,N/A,542.4K,3K,N/A,38.7M
LuisitoComunicaa,Luisito Comunica,,Mexico,2.4M,74.6K,3.3K,38.4M
LittleBabyBum,Little Baby Bum - Nursery Rhymes & Kids Songs,Education,N/A,489.4K,1.6K,N/A,38.4M
TheEllenShow,TheEllenShow,,United States,42.1K,944,54,38.2M
MashaMedvedTV,Маша и Медведь,Education,N/A,1.2M,7.8K,N/A,37.4M
gr6explode,GR6 EXPLODE,Music & Dance,Brazil,179.6K,11.4K,190,37.2M
luccasneto,LUCCAS NETO - LUCCAS TOON,Animation,Brazil,625.7K,13.3K,N/A,37.1M
venus,Ishtar Music,Music & Dance,India,67.8K,790,59,36.5M
Kimberly Loaiza,Kimberly Loaiza,Daily vlogs,Mexico,9.2M,646.5K,42.3K,36M
ShemarooEnt,Shemaroo,,India,103.6K,604,18,35.8M
DaddyYankeeOFFTV,Daddy Yankee,Music & Dance,Argentina,1.7M,174.6K,15.8K,35.8M
Voot Kids,Voot Kids,Movies,India,2.4M,17.2K,N/A,35.8M
WorkpointOfficial,WorkpointOfficial,,Thailand,10.1K,139,7,35.6M
Toys and Colors,Toys and Colors,Toys,N/A,1.1M,2.9K,N/A,35.1M
shfa,shfa,Daily vlogs,France,3.6M,52.4K,N/A,34.9M
shfa2 - شفا,shfa2 - شفا,Daily vlogs,N/A,632.1K,4.5K,N/A,34.5M
SuperSimpleSongs,Super Simple Songs - Kids Songs,Music & Dance,N/A,1.7M,3.7K,N/A,33.7M
Jkk Entertainment,Jkk Entertainment,,India,11.3M,103.3K,1.4K,33.7M
JbalvinTube,J Balvin,Music & Dance,Colombia,0,N/A,N/A,33.3M
gmmonetv,one31,,Thailand,7K,133,4,33.3M
vegetta777,VEGETTA777,Video games,Mexico,394.2K,31.7K,256,32.9M
Masha and The Bear,Masha and The Bear,Animation,N/A,1.2M,7.5K,N/A,32.8M
YouTube,YouTube,,United States,41.5K,2K,N/A,32.8M
Goldmines Gaane Sune Ansune,Goldmines Gaane Sune Ansune,Music & Dance,India,65.7K,515,22,32.7M
markiplierGAME,Markiplier,Animation,United States,3M,165.3K,6K,32.5M
Like Nastya ESP,Like Nastya ESP,,N/A,418.4K,1.7K,N/A,32.3M
Ryan's World,Ryan's World,Animation,N/A,975.2K,4.4K,N/A,32.1M
abpnewstv,ABP NEWS,News & Politics,India,2.6K,35,3,32.1M
NoCopyrightSounds,NoCopyrightSounds,Music & Dance,United States,535.5K,19.7K,1.2K,32.1M
Desi Music Factory,Desi Music Factory,Music & Dance,India,10.8M,396.4K,143.6K,32.1M
Geet MP3,Geet MP3,Music & Dance,India,381.4K,25.8K,1K,31.9M
Total Gaming,Total Gaming,,India,1.4M,140K,6.8K,31.7M
Maria Clara & JP,Maria Clara & JP,,N/A,2.8M,22.1K,N/A,31.5M
UltraHindi,Ultra Bollywood,,India,88.1K,570,24,31.5M
tseriesapnapunjab,T-Series Apna Punjab,Music & Dance,India,34.3K,1.4K,64,31.3M
SSSniperWolf,SSSniperWolf,Humor,United States,4.9M,141.9K,7.3K,31M
Mikecrack,Mikecrack,Animation,Mexico,3.8M,277.4K,9.6K,30.9M
GENIAL,GENIAL,Animation,Mexico,74.3K,2.4K,83,30.9M
KHANDESHI MOVIES,KHANDESHI MOVIES,,India,7.5M,65.8K,931,30.9M
tv3official,Ch3Thailand,,Thailand,120.5K,1.4K,33,30.7M
Luis Fonsi,Luis Fonsi,,United States,37K,2.7K,131,30.5M
sonypalindia,Sony PAL,,India,12.2K,220,17,30.5M
AllTrapNation,Trap Nation,Music & Dance,United States,129.3K,4.7K,136,30.5M
IndiaTV,IndiaTV,News & Politics,India,13.6K,219,11,30.5M
cancionesdelagranja,La Granja de Zenón,Music & Dance,N/A,623.3K,3.1K,N/A,30.4M
erosentertainment,Eros Now Music,,India,64.1K,1K,31,30.3M
SMTOWN,SMTOWN,Music & Dance,United States,478K,54.7K,3.2K,30.2M
MrBean,Mr Bean,,India,73.2K,2.2K,69,30.1M
juptube,Galinha Pintadinha,Music & Dance,N/A,10.6M,43.2K,N/A,29.7M
Ricis Official,Ricis Official,Music & Dance,Indonesia,782K,51.6K,1.8K,29.7M
rezendeevil,rezendeevil,Video games,Brazil,230.7K,28.7K,463,29.7M
AH,AH,Music & Dance,Indonesia,1.4M,81.1K,4.4K,29.6M
SpinninRec,Spinnin' Records,Music & Dance,United States,70.3K,2.5K,71,29.5M
latenight,The Tonight Show Starring Jimmy Fallon,Music & Dance,United States,88.8K,2.2K,121,29.3M
tseriesoldisgold,Bollywood Classics,Music & Dance,India,44.4K,530,39,28.9M
rajshri,Rajshri,,India,15.4K,109,6,28.8M
harpalgeo,HAR PAL GEO,,Pakistan,7.3K,67,4,28.6M
DisneyMusicVEVO,DisneyMusicVEVO,Music & Dance,United States,2.5M,63.2K,2K,28.5M
UltraRecords,Ultra Music,Music & Dance,United States,30.6K,1.2K,48,28.3M
jacksepticeye,jacksepticeye,Video games,United States,1.9M,127.6K,5.2K,28.2M
BabyBus - Kids Songs and Cartoons,BabyBus - Kids Songs and Cartoons,Animation,N/A,1.1M,4.7K,N/A,28.1M
xoxxxoooxo,The Weeknd,Music & Dance,United States,355.6K,25.3K,1.1K,27.7M
TheLateLateShow,The Late Late Show with James Corden,Animation,United States,78.1K,1.6K,112,27.5M
ImagineDragons,ImagineDragons,Music & Dance,United States,1.6M,95.8K,3.6K,27.5M
TalkingTomCat,Talking Tom,,United States,1.2M,3K,N/A,27.4M
toyoraljanahtv,قناة طيور الجنة | toyoraljanahtv,Music & Dance,N/A,143.7K,N/A,N/A,27.3M
theofficialpeppa,Peppa Pig - Official Channel,Toys,N/A,2M,9K,N/A,26.9M
Little Angel: Nursery Rhymes & Kids Songs,Little Angel: Nursery Rhymes & Kids Songs,Toys,N/A,1.1M,5.1K,N/A,26.9M
ARY Digital,ARY Digital,,Pakistan,15.1K,143,5,26.9M
WWRBhojpuri,Worldwide Records Bhojpuri,Music & Dance,India,119.6K,1.7K,129,26.7M
SongsOfIndianCinema,Saregama Music,Music & Dance,India,31.6K,906,79,26.6M
MrBeast Gaming,MrBeast Gaming,Animation,United States,23.3M,732K,44K,26.5M
Wow Kidz,Wow Kidz,Animation,N/A,468.2K,4.3K,N/A,26.5M
TheDonato,TheDonato,Video games,Mexico,488.1K,56.5K,240,26.5M
GMANETWORK,GMANetwork,,Philippines,10K,249,12,26.4M
infobellstamil,infobells - Tamil,Education,N/A,215K,1.2K,N/A,26.2M
TheDiamondMinecart,DanTDM,Video games,United States,1.3M,59.5K,3.7K,26.1M
taylorgangent,Wiz Khalifa,Music & Dance,United States,0,N/A,N/A,26M
Bounce Patrol - Kids Songs,Bounce Patrol - Kids Songs,Music & Dance,N/A,2.8M,7.8K,N/A,25.8M
WorldStarHipHopTV,WORLDSTARHIPHOP,Music & Dance,United States,72.7K,2.4K,267,25.8M
VanossGaming,VanossGaming,Animation,United States,1.2M,57.5K,624,25.6M
enchufetv,enchufetv,Humor,Ecuador,960.6K,99.9K,235,25.6M
infobellstelugu,infobells - Telugu,Education,N/A,165.5K,825,N/A,25.6M
LosPolinesios,LosPolinesios,Daily vlogs,Mexico,620.9K,45.6K,997,25.4M
PowerKids,PowerKids,Movies,India,18.9K,N/A,N/A,25.3M
Techno Gamerz,Techno Gamerz,,India,5M,332.9K,25.8K,25.2M
1MILLION Dance Studio,1MILLION Dance Studio,,India,72.1K,3.8K,57,25.2M
toycantando,toycantando,Music & Dance,N/A,376.8K,2.3K,N/A,25M
smosh,Smosh,Animation,United States,193.4K,10.8K,382,25M
xSkyHeLLxx,Renato Garcia,Toys,Brazil,1M,112.2K,1.5K,24.8M
AboFlah,AboFlah,Animation,Iraq,0,N/A,N/A,24.7M
zeenews,Zee News,News & Politics,India,78.3K,1.3K,80,24.5M
Diana and Roma ESP,Diana and Roma ESP,Animation,N/A,982.6K,4.4K,N/A,24.5M
WatchMojo,WatchMojo.com,Movies,United States,77.7K,2.3K,231,24.4M
Super JoJo - Nursery Rhymes & Kids Songs,Super JoJo - Nursery Rhymes & Kids Songs,Animation,N/A,1.5M,7.5K,N/A,24.4M
Genevieve's Playhouse - Learning Videos for Kids,Genevieve's Playhouse - Learning Videos for Kids,Toys,N/A,236.4K,410,N/A,24.4M
Jess No Limit,Jess No Limit,Music & Dance,Indonesia,363.2K,15.4K,1.1K,24.4M
TwiNboTzVids,Lucas and Marcus,Animation,United States,472.4K,20.3K,749,24.4M
MR. INDIAN HACKER,MR. INDIAN HACKER,,India,5.3M,587.7K,18.9K,24.3M
jypentertainment,JYP Entertainment,Music & Dance,United States,2.3M,455.2K,18.4K,24.2M
Las Ratitas,Las Ratitas,Toys,N/A,580.7K,15.5K,N/A,24.2M
James Charles,James Charles,Beauty,United States,1M,54.8K,2.2K,24.2M
davidguettavevo,David Guetta,Music & Dance,Brazil,267.4K,8.7K,358,24M
nickelodeonjuniorfr,Nick Jr.,Toys,N/A,148.7K,361,N/A,24M
व्लाद और निकिता,व्लाद और निकिता,,N/A,2.2M,14K,N/A,23.8M
ZHC,ZHC,Design/art,United States,5.2M,195.6K,8.9K,23.8M
adityamusic,Aditya Music,Music & Dance,India,49K,1.2K,36,23.6M
Logan Paul,Logan Paul,Video games,United States,4.3M,76.2K,3.9K,23.4M
Rans Entertainment,Rans Entertainment,Music & Dance,Indonesia,755.7K,22.9K,675,23.4M
NewOnNetflix,Netflix,Movies,United States,265.2K,5K,325,23.2M
Chloe Ting,Chloe Ting,Fitness,United States,375.7K,17.3K,783,23.2M
Troom Troom,Troom Troom,Toys,United States,339.2K,3.7K,107,23M
Masha y el Oso,Masha y el Oso,Animation,N/A,891.3K,5.8K,N/A,23M
Raffy Tulfo in Action,Raffy Tulfo in Action,Music & Dance,Philippines,399.4K,5.8K,773,23M
SesameStreet,Sesame Street,Music & Dance,N/A,237.4K,790,N/A,22.8M
JellyYT,Jelly,Video games,United States,260K,13.2K,450,22.8M
ColdplayVEVO,Coldplay,Music & Dance,United States,66.2K,6.9K,188,22.8M
Diana and Roma HIN,Diana and Roma HIN,,N/A,251.1K,1.6K,N/A,22.6M
Mister Max,Mister Max,DIY & Life Hacks,Russia,988.2K,22.4K,879,22.6M
mildicasdemulher,Erlania e Valentina Pontes,,Brazil,300.1K,5K,N/A,22.5M
Vlad và Nikita,Vlad và Nikita,Music & Dance,N/A,1.3M,6.7K,N/A,22.4M
DrossRotzank,DrossRotzank,News & Politics,Mexico,2.1M,151.6K,8.1K,22.4M
Sandeep Maheshwari,Sandeep Maheshwari,Daily vlogs,India,652.6K,38.8K,2.3K,22.4M
ABP NEWS HINDI,ABP NEWS HINDI,News & Politics,India,2K,25,6,22.3M
adityacinema,Aditya Movies,,India,113.6K,3.3K,130,22.3M
Goldmines Dishoom,Goldmines Dishoom,,N/A,28.5K,292,N/A,22.2M
THECHAINSMOKERS,The Chainsmokers,Humor,United States,62.4K,6.2K,97,22.2M
netdmuzikk,netd müzik,Music & Dance,Turkey,15.5K,355,59,22M
Technical Guruji,Technical Guruji,,India,111.4K,9.8K,847,22M
Smile Family,Smile Family,Animation,N/A,142.1K,756,N/A,21.8M
gmmgrammyofficial,GMM GRAMMY OFFICIAL,Music & Dance,Thailand,2.4K,53,2,21.7M
Anuel AA,Anuel AA,Music & Dance,Colombia,104.2K,7.4K,373,21.6M
mmoshaya,mmoshaya,,Saudi Arabia,1.8M,35.7K,1.7K,21.6M
Miss Katy,Miss Katy,Video games,Russia,604.8K,11.2K,626,21.4M
VenusMovies,Venus Movies,,India,6.3K,64,8,21.4M
Like Nastya AE,Like Nastya AE,,N/A,740.5K,5K,N/A,21.4M
Frost Diamond,Frost Diamond,Music & Dance,Indonesia,395.1K,21.3K,1.2K,21.2M
Tasty,Tasty,Food & Drinks,United States,251.5K,7.9K,239,21M
WHBBP,White Hill Music,Music & Dance,India,23.2K,1.2K,89,21M
TEDtalksDirector,TED,,United States,32.7K,919,72,21M
WB Kids,WB Kids,Movies,N/A,68K,659,N/A,21M
oRugrat,FaZe Rug,Video games,United States,2.5M,105.9K,5.9K,20.8M
5-Minute Crafts DIY,5-Minute Crafts DIY,Music & Dance,India,53.4K,648,18,20.8M
AmericasGotTalent,America's Got Talent,,United States,284.3K,5.5K,176,20.8M
CanalCanalha,CanalCanalha,Sports,Brazil,1.1M,127.4K,2.1K,20.7M
hamaarbhojiwood,Wave Music Bhojpuri,Music & Dance,India,8.8K,139,30,20.6M
PeppaLatinoAmericano,Peppa Pig Español Latino - Canal Oficial,Toys,N/A,734.6K,5.7K,N/A,20.6M
shemaroomovies,Shemaroo Movies,,India,21.8K,264,14,20.6M
BabyBus - Canciones Infantiles & Cuentos,BabyBus - Canciones Infantiles & Cuentos,Toys,N/A,330.9K,1.9K,N/A,20.6M
Goldmines Bollywood,Goldmines Bollywood,,India,32.6K,173,9,20.6M
Diana and Roma ARA,Diana and Roma ARA,,N/A,1.8M,12.8K,N/A,20.6M
The Lallantop,The Lallantop,News & Politics,India,12.9K,313,50,20.5M
FGTeeV,FGTeeV,Animation,United States,2.1M,23.5K,2.1K,20.4M
BuzzFeedVideo,BuzzFeedVideo,Daily vlogs,United States,56K,1.4K,148,20.4M
Baim Paula,Baim Paula,Music & Dance,Indonesia,1.1M,49.8K,1.9K,20.4M
SSundee,SSundee,Video games,United States,3M,141.2K,4.6K,20.4M
Like Nastya PRT,Like Nastya PRT,,N/A,670.3K,3.4K,N/A,20.4M
AuthenticGames,AuthenticGames,Video games,Brazil,64.8K,6.1K,229,20.2M
TheFineBros,REACT,Humor,United States,89.5K,3K,382,20.2M
Crazy XYZ,Crazy XYZ,,India,5.6M,498.5K,14.6K,20.2M
VEVO,Vevo,Music & Dance,United States,85.6K,804,36,20M
DisneyChannelLA,Disney Latinoamérica,,N/A,46.7K,348,N/A,20M
goldmineshindi,Goldmines Movies,,India,8.2K,65,3,20M
PenIndiaPvtLimited,Pen Movies,,India,271K,7.6K,285,20M
HaerteTest,HaerteTest,,India,28K,213,24,20M
SlivkiChanel,SlivkiShow,DIY & Life Hacks,Russia,2.8M,295K,55.3K,19.8M
5-Minute Crafts PLAY,5-Minute Crafts PLAY,,India,35.4K,258,15,19.8M
LazarBeam,LazarBeam,Video games,United States,4.2M,160K,5.9K,19.8M
Kids TV - Nursery Rhymes And Baby Songs,Kids TV - Nursery Rhymes And Baby Songs,Animation,N/A,174.2K,320,N/A,19.8M
NationalGeographic,National Geographic,,United States,45.8K,1.1K,74,19.8M
Brave Wilderness,Brave Wilderness,,United States,400.6K,12.1K,735,19.8M
BeckyGOfficial,Becky G,Music & Dance,United States,57.5K,5K,126,19.8M
Goldmines Cineplex,Goldmines Cineplex,,India,15.7K,132,4,19.8M
NewAFI2013,Indosiar Visual Mandiri,Music & Dance,Indonesia,15.7K,264,22,19.6M
rossbollinger,Pencilmation,Animation,United States,390.9K,3.4K,96,19.6M
HumNetwork,HUM TV,,Pakistan,3K,21,2,19.4M
PrestonPlayz,Preston,Animation,United States,2.8M,68.6K,3.6K,19.4M
Mnet,Mnet K-POP,Music & Dance,United States,31.1K,2.6K,112,19.4M
CharliesVlogs,Charlie Puth,Music & Dance,United States,464.7K,34K,802,19.2M
Totoy kids - Português,Totoy kids - Português,Toys,Brazil,207.4K,1.5K,N/A,19.2M
GooodLifeFilms,Lyrical Lemonade,,United States,335.8K,60.7K,5.7K,19.2M
RotanaAudio,Rotana,Music & Dance,Saudi Arabia,1.3M,22K,533,19.2M
Crafty Panda,Crafty Panda,Music & Dance,India,75K,540,15,19.1M
Noor Stars,Noor Stars,Music & Dance,Iraq,2M,161.3K,12.1K,19.1M
DLS News,DLS News,News & Politics,India,74.3K,2.5K,146,19M
Troom Troom Es,Troom Troom Es,Toys,Mexico,120.5K,2.7K,58,19M
starplus,StarPlus,,India,348.7K,8.3K,68,19M
The ACE Family,The ACE Family,Humor,United States,1.4M,73.8K,3.6K,19M
toyorbabytv,toyorbabytv,Music & Dance,N/A,100.9K,N/A,N/A,18.8M
gordonramsay,Gordon Ramsay,Food & Drinks,United States,218.1K,7.2K,338,18.8M
gottalentglobal,Got Talent Global,,United States,48.3K,751,63,18.8M
TelenovelaTelevisa,Tlnovelas,ASMR,Mexico,26.8K,310,13,18.8M
Infinite,Infinite,Video games,United States,528.7K,24.3K,1.9K,18.8M
MrVivekBindra,Dr. Vivek Bindra: Motivational Speaker,Education,India,290K,18.2K,222,18.8M
TheWillyrex,TheWillyrex,Video games,Spain,35.1K,2.4K,N/A,18.6M
UltraMovieParlour,Ultra Movie Parlour,,India,194.8K,1.2K,31,18.6M
fatosdesconhecidos,Fatos Desconhecidos,Science & Technology,Brazil,242.1K,23.1K,636,18.6M
TheEnaldinhO,Enaldinho,,Brazil,365.9K,28.2K,518,18.5M
Vlad and Niki Arabic,Vlad and Niki Arabic,,N/A,2.6M,18.7K,N/A,18.4M
OfficialClashOfClans,Clash of Clans,News & Politics,United States,485.9K,16.1K,280,18.4M
JimmyKimmelLive,Jimmy Kimmel Live,Movies,United States,202.9K,4.9K,288,18.4M
MARVEL,Marvel Entertainment,Movies,United States,347.2K,26.3K,1K,18.4M
RobinHoodGamer1,Robin Hood Gamer,Animation,Brazil,1.3M,59K,1.1K,18.4M
Unbox Therapy,Unbox Therapy,Science & Technology,United States,1.3M,17.7K,2K,18.2M
NBA,NBA,Sports,United States,49.4K,1.6K,92,18.2M
Kurzgesagt,Kurzgesagt – In a Nutshell,Education,United States,7.7M,354.7K,15.7K,18.2M
TRT Originals Urdu,TRT Originals Urdu,,Pakistan,387.9K,17.1K,747,18.2M
CKN,CKN,Video games,N/A,214.3K,1.6K,N/A,18.2M
gmapublicaffairs,GMA Public Affairs,News & Politics,Philippines,10.6K,131,10,18.1M
corbuzierprediction,Deddy Corbuzier,,Indonesia,3M,66.3K,6.8K,18.1M
Eva Bravo Play,Eva Bravo Play,,N/A,323.9K,2.6K,N/A,18.1M
★ Kids Roma Show,★ Kids Roma Show,Animation,N/A,1.1M,10.2K,N/A,18M
shfa show India,shfa show India,Daily vlogs,N/A,3.3M,19K,N/A,18M
Мирошка ТВ,Мирошка ТВ,,Russia,15.4K,67,N/A,18M
sonotekvideo,Sonotek,Music & Dance,India,34.1K,1.2K,127,18M
greengoldtv,Green Gold TV - Official Channel,,N/A,305.5K,2.5K,N/A,18M
Kinder Spielzeug Kanal,Kinder Spielzeug Kanal,Animation,N/A,168.8K,1K,N/A,18M
GEN HALILINTAR,GEN HALILINTAR,Music & Dance,Indonesia,747.5K,39.9K,726,18M
INCRÍVEL,INCRÍVEL,Animation,Brazil,32.5K,1.8K,47,17.8M
turmadamonicaTV,Turma da Mônica,Animation,N/A,180.9K,1.8K,N/A,17.8M
DanielSaboya,Dan-Sa / Daniel Saboya,Music & Dance,Brazil,33.9K,1.6K,20,17.8M
BritainsGotTalent09,Britain's Got Talent,Music & Dance,N/A,122.9K,939,N/A,17.8M
kbsworld,KBS WORLD TV,,Philippines,6.3K,211,9,17.8M
TheOdd1sOut,TheOdd1sOut,Animation,United States,0,N/A,N/A,17.7M
Ninja Kidz TV,Ninja Kidz TV,Video games,United States,2.5M,22.4K,1.1K,17.6M
Brent Rivera,Brent Rivera,Animation,United States,3.9M,281.5K,11.5K,17.6M
PinkPanther,Official Pink Panther,,N/A,716.6K,5.9K,N/A,17.6M
FactTechz,FactTechz,,India,791.1K,66.9K,1.9K,17.5M
Like Nastya Vlog,Like Nastya Vlog,Daily vlogs,N/A,752.2K,2.7K,N/A,17.5M
TheGrefg,TheGrefg,Animation,Spain,1.4M,97K,1.5K,17.5M
SockeyeMedia,Mother Goose Club Playhouse,Music & Dance,N/A,80.2K,149,N/A,17.5M
Matroix,Ali-A,Video games,United States,691.2K,20.1K,847,17.5M
HiMan,HiMan,Video games,Russia,1.2M,102.3K,351,17.5M
rhettandlink2,Good Mythical Morning,Food & Drinks,United States,1.3M,40.2K,1.4K,17.5M
CookieSwirlC,CookieSwirlC,Video games,United States,411.8K,4.7K,842,17.5M
ElTrollino,ElTrollino,Animation,Mexico,3.3M,101K,2.5K,17.5M
Naisa Alifia Yuriza (N.A.Y),Naisa Alifia Yuriza (N.A.Y),Music & Dance,Indonesia,504.7K,19.9K,757,17.5M
EeOneGuy,EeOneGuy,,Russia,794K,47K,5.6K,17.5M
Stubborn Facts,Stubborn Facts,,India,97K,3K,127,17.3M
TheElenaYa,Diana and Roma EN,Animation,N/A,607K,2.3K,N/A,17.3M
MiawAug,MiawAug,Video games,Indonesia,1.3M,67.3K,4.9K,17.3M
rsiammusic,RsiamMusic : อาร์สยาม,Music & Dance,Thailand,8.4K,306,10,17.3M
Emiway Bantai,Emiway Bantai,Music & Dance,India,864.4K,106.6K,7.3K,17.3M
Netflix India,Netflix India,ASMR,India,61.9K,2.8K,72,17.3M
farrukotv,Farruko,Music & Dance,United States,493.2K,22.3K,807,17.3M
dj47maryn,Marmok,Video games,Russia,3.8M,437.5K,15.1K,17.3M
portadosfundos,Porta dos Fundos,Movies,Brazil,639.8K,62.8K,808,17.3M
BabyBus - Cerita & Lagu Anak-anak,BabyBus - Cerita & Lagu Anak-anak,Toys,N/A,926.4K,5.7K,N/A,17.1M
Willyrex,Willyrex,Video games,Mexico,147.5K,10K,96,17.1M
SCTVIndonesia,Surya Citra Televisi,Music & Dance,Indonesia,23.6K,433,39,17.1M
SebastianYatra,Sebastián Yatra,Music & Dance,Colombia,1.8M,55.5K,1.2K,17.1M
Little Angel Español - Canciones Infantiles,Little Angel Español - Canciones Infantiles,Animation,N/A,1.2M,7.5K,N/A,17.1M
ThePoznavatel,Познаватель,Toys,Russia,3.4M,92.3K,3.2K,16.9M
A_S Gaming,A_S Gaming,,India,1.1M,102.3K,2.1K,16.9M
RobleisIUTU,RobleisIUTU,Animation,Argentina,1.2M,79.3K,2.3K,16.9M
Guava Juice,Guava Juice,,United States,73.6K,2.1K,75,16.9M
D Billions,D Billions,,N/A,1.2M,2K,N/A,16.9M
kidstvsongs,Doggy Doggy Cartoons,,N/A,14.6K,172,N/A,16.9M
aMOODIEsqueezie,SQUEEZIE,,France,5.3M,430.4K,5.4K,16.9M
Vania Mania Kids,Vania Mania Kids,Toys,N/A,361.7K,2.2K,N/A,16.7M
Heidi & Zidane बच्चों की कहानियाँ,Heidi & Zidane बच्चों की कहानियाँ,Daily vlogs,N/A,414.3K,3.1K,N/A,16.7M
The Royalty Family,The Royalty Family,Humor,United States,2.8M,81.7K,10.7K,16.7M
musicalrmastv,الـريماس - Al-Remas,Music & Dance,Iraq,66.5K,3.3K,166,16.7M
Masha e o Urso,Masha e o Urso,,N/A,346.3K,2.8K,N/A,16.7M
grammygoldofficia,Grammy Gold Official,Music & Dance,Thailand,12.1K,198,19,16.7M
IGNentertainment,IGN,Movies,United States,65.8K,1.5K,150,16.5M
Sun TV,Sun TV,,India,92.1K,1.6K,32,16.5M
TEDEducation,TED-Ed,Science & Technology,United States,330.2K,15.1K,633,16.5M
JasonDerulo,Jason Derulo,Music & Dance,United States,73.9K,5.2K,81,16.5M
Tu COSMOPOLIS,Tu COSMOPOLIS,Daily vlogs,Mexico,211.1K,17.1K,1.2K,16.5M
jquintanac5,DeToxoMoroxo,Movies,Mexico,835.1K,37.5K,10.6K,16.5M
LankyBox,LankyBox,Video games,United States,1.1M,15.2K,500,16.5M
Beast Reacts,Beast Reacts,,United States,10.3M,345.4K,9.1K,16.4M
etvteluguindia,etvteluguindia,,India,35.1K,305,N/A,16.4M
ArabGamesNetwork,شبكة العاب العرب | Arab Games Network,,Algeria,318.3K,28.9K,1.1K,16.4M
invictorgs3,invictor,Video games,Mexico,2.9M,97.4K,2.2K,16.4M
Vlad and Niki IDN,Vlad and Niki IDN,Music & Dance,N/A,469.2K,2.5K,N/A,16.3M
STARVIJAY,Vijay Television,,India,358.5K,8.3K,111,16.3M
TheBrianMaps,TheBrianMaps,Video games,Russia,2.6M,314.6K,12.7K,16.3M
Rafa & Luiz,Rafa & Luiz,Video games,Brazil,579.7K,39.2K,1.4K,16.3M
IDEAS EN 5 MINUTOS,IDEAS EN 5 MINUTOS,,Mexico,28.9K,474,13,16.3M
SUPER SLICK SLIME SAM,SUPER SLICK SLIME SAM,DIY & Life Hacks,Mexico,228.2K,7.3K,268,16.2M
Jane ASMR 제인,Jane ASMR 제인,Daily vlogs,United States,438.7K,8.6K,498,16.1M
AnittaOficial,Anitta,Music & Dance,Brazil,316.4K,12.3K,488,16.1M
jeffreestar,jeffreestar,Beauty,United States,878.5K,36.7K,3.2K,16.1M
Canal IN,Canal IN,Toys,Brazil,26.2K,1.6K,16,16.1M
Sandra Cires Art,Sandra Cires Art,,Colombia,1.4M,76K,3.6K,16.1M
iberethenorio,Manual do Mundo,Science & Technology,Brazil,488.8K,69.8K,740,16.1M
Antrax,Antrax,Video games,Mexico,935.8K,88.1K,543,16.1M
zbingzbing,zbing z.,Animation,Thailand,657.3K,26.3K,1.1K,15.9M
Kiddiestv Hindi - Nursery Rhymes & Kids Songs,Kiddiestv Hindi - Nursery Rhymes & Kids Songs,Education,United States,67.3K,507,N/A,15.9M
littlemixmusic,Little Mix,Music & Dance,United States,104.2K,10K,160,15.9M
Prajapati News,Prajapati News,,India,46.3K,2.1K,95,15.8M
Kaykai Salaider,Kaykai Salaider,Movies,Thailand,1.4M,104K,8.2K,15.7M
Kids Play,Kids Play,,N/A,120.2K,957,N/A,15.7M
boyceavenue,Boyce Avenue,Music & Dance,Brazil,338.5K,8K,355,15.7M
failarmy,FailArmy,Animation,United States,2.2M,19.9K,642,15.7M
Apple,Apple,,N/A,4.3M,35K,N/A,15.7M
DopeLyrics,DopeLyrics,Music & Dance,United States,31.7K,615,50,15.7M
DUDU e CAROL,DUDU e CAROL,Toys,Brazil,1.4M,65.9K,142,15.7M
queenofficial,Queen Official,Music & Dance,United States,123.3K,4.2K,491,15.7M
movieclipsTRAILERS,Movieclips Trailers,Movies,United States,58.2K,903,74,15.7M
MatthewPatrick13,The Game Theorists,Science & Technology,United States,3.1M,163.8K,8.2K,15.7M
lescopaque,Les' Copaque Production,,Indonesia,350.1K,7.7K,99,15.6M
Khan GS Research Centre,Khan GS Research Centre,Education,India,9.1M,641.5K,44.7K,15.6M
TRANSTVofficial,TRANS TV Official,Music & Dance,Indonesia,373,5,N/A,15.5M
SonyMusicSouthVEVO,SonyMusicSouthVEVO,Music & Dance,India,110.2K,4.1K,40,15.5M
RomanAtwoodVlogs,Roman Atwood Vlogs,Humor,United States,677.4K,33.8K,1.2K,15.5M
marquesbrownlee,Marques Brownlee,Science & Technology,United States,2.9M,119.2K,6.5K,15.5M
Village Cooking Channel,Village Cooking Channel,,India,8.2M,254.8K,4.5K,15.5M
vice,VICE,News & Politics,United States,257.5K,5.6K,767,15.5M
Aayu and Pihu Show,Aayu and Pihu Show,Movies,India,4.3M,111.3K,7.7K,15.5M
हिंदी - Genevieve's Playhouse,हिंदी - Genevieve's Playhouse,Education,N/A,1.1M,9.4K,N/A,15.5M
Kids Channel India - Hindi Rhymes and Baby Songs,Kids Channel India - Hindi Rhymes and Baby Songs,Music & Dance,N/A,114.4K,731,N/A,15.5M
tanboy kun,tanboy kun,Music & Dance,Indonesia,2.2M,56.8K,2K,15.4M
El Reino a Jugar,El Reino a Jugar,Toys,N/A,317.3K,1.2K,N/A,15.4M
Triggered Insaan,Triggered Insaan,Humor,India,6.4M,800.9K,26.5K,15.4M
monstafluffmusicTV,7clouds,Music & Dance,United States,185.4K,3K,140,15.3M
Dyland PROS,Dyland PROS,Music & Dance,Indonesia,92.1K,7.7K,448,15.3M
Camila Cabello,Camila Cabello,Music & Dance,United States,109.4K,14.2K,146,15.3M
JenniferLopez,Jennifer Lopez,Fashion,United States,401.9K,12.1K,1.2K,15.3M
MegatoadStonie,Matt Stonie,Food & Drinks,United States,0,N/A,N/A,15.3M
AdMe.ru - Сайт о творчестве,AdMe.ru - Сайт о творчестве,Animation,Russia,51.9K,1.5K,83,15.3M
Zappy Toons - Hindi Nursery Rhymes and Stories,Zappy Toons - Hindi Nursery Rhymes and Stories,Education,N/A,120.6K,665,N/A,15.3M
Blippi - Educational Videos for Kids,Blippi - Educational Videos for Kids,Education,N/A,1.2M,4.3K,N/A,15.3M
Ivana Alawi,Ivana Alawi,Daily vlogs,Philippines,2.7M,122.6K,11K,15.3M
Oyuncak Avı,Oyuncak Avı,,N/A,126.2K,N/A,N/A,15.3M
Jason Vlogs,Jason Vlogs,Toys,N/A,273.1K,1.6K,N/A,15.3M
portalfitdance,FitDance,Music & Dance,Brazil,46.3K,1.3K,23,15.1M
Kerajinan 5-Menit,Kerajinan 5-Menit,Music & Dance,Indonesia,20.8K,221,10,15.1M
TheRichest,TheRichest,News & Politics,United States,17.3K,588,45,15.1M
Goldmines Great Indian Comedy,Goldmines Great Indian Comedy,,India,11.4K,122,6,15.1M
popchartbusters,Pop Chartbusters,Music & Dance,India,20.2K,366,21,15.1M
OGatoGalactico,Gato Galactico | GALÁXIA,Toys,Brazil,79.6K,4.7K,106,15.1M
wifistudy,wifistudy,Education,India,7.4K,645,15,15M
ntvru,НТВ,News & Politics,Russia,82.3K,901,216,15M
Dhar Mann,Dhar Mann,Health & Self Help,United States,6.2M,140.9K,6.3K,15M
حِرف إبداعية في 5 دقائق,حِرف إبداعية في 5 دقائق,,Egypt,22.6K,386,23,14.9M
KSIOlajidebtHD,JJ Olatunji,Animation,United States,4.8M,429.5K,9.6K,14.9M
kwebbelkop,Kwebbelkop,Animation,United States,218.8K,17.5K,882,14.9M
RCTI - LAYAR DRAMA INDONESIA,RCTI - LAYAR DRAMA INDONESIA,Music & Dance,Indonesia,26.1K,455,23,14.9M
Junya Official Channel,Junya Official Channel,,Japan,407.2K,2K,43,14.9M
makeuplocalypse,Mariale,,Mexico,241.3K,13.5K,475,14.9M
ranziscool,Ranz Kyle,Humor,Philippines,362.3K,15K,507,14.9M
Makiman131,Makiman131,Video games,Spain,393.8K,25.4K,795,14.9M
Lachlan,Lachlan,Video games,United States,864.6K,34.6K,935,14.9M
IDEIAS INCRÍVEIS,IDEIAS INCRÍVEIS,,Brazil,15.4K,331,9,14.7M
IISuperwomanII,Lilly Singh,Animation,United States,94.8K,6.6K,103,14.7M
TalkingFriends,Talking Tom & Friends,Animation,United States,445.8K,4.3K,N/A,14.7M
CanalTaBombando,LEGENDA FUNK,Music & Dance,Brazil,9.3K,529,22,14.7M
Planeta das Gêmeas,Planeta das Gêmeas,Toys,Brazil,531.2K,23.2K,22,14.7M
Dave and Ava - Nursery Rhymes and Baby Songs,Dave and Ava - Nursery Rhymes and Baby Songs,Education,N/A,449.1K,1.9K,N/A,14.7M
5-Minute Crafts FAMILY,5-Minute Crafts FAMILY,,United States,21.5K,242,12,14.6M
Sony AATH,Sony AATH,,Bangladesh,138K,3.2K,114,14.6M
AMARINTV : อมรินทร์ทีวี,AMARINTV : อมรินทร์ทีวี,News & Politics,Thailand,13.1K,148,21,14.6M
Super Polina,Super Polina,,N/A,40.2K,211,N/A,14.6M
LOKESH GAMER,LOKESH GAMER,,India,657.3K,85.7K,3.2K,14.5M
News24page,News24,News & Politics,India,9.5K,186,19,14.5M
Niana Guerrero,Niana Guerrero,Music & Dance,Philippines,732.4K,41K,1.6K,14.5M
SriBalajiMovies,SriBalajiMovies,,India,83.5K,2.2K,8,14.5M
Drawblogs,Drawblogs,Movies,Mexico,0,N/A,N/A,14.5M
Sidemen,Sidemen,Video games,United Kingdom,5.9M,276.4K,9.5K,14.5M
zncoficial,Zé Neto e Cristiano,Music & Dance,Brazil,5.3M,44K,643,14.5M
Super Senya,Super Senya,Animation,N/A,30.5K,152,N/A,14.5M
newvolgavideo,Volga Video,,India,2.9K,18,1,14.5M
rkddigital,RKD Studios,Movies,India,42.6K,870,39,14.5M
hejproducao,Henrique e Juliano,Music & Dance,Brazil,96.8K,4.1K,75,14.5M
MattyBRaps,MattyBRaps,Music & Dance,United States,512.6K,8K,413,14.5M
collegehumor,CollegeHumor,Humor,United States,194.6K,8.4K,360,14.5M
popskids,POPS Kids,Animation,Poland,15.9K,61,N/A,14.5M
La Rosa de Guadalupe,La Rosa de Guadalupe,Animation,Mexico,361K,3.2K,81,14.5M
حقائق وأسرار,حقائق وأسرار,,Egypt,26K,1.4K,89,14.5M
LinusTechTips,Linus Tech Tips,Science & Technology,United States,1.5M,63.5K,2.5K,14.5M
T3DDYgames,T3ddy,Daily vlogs,Brazil,1.1M,140.1K,5.6K,14.4M
indiancomedy,Shemaroo Comedy,,India,248.3K,2.2K,27,14.3M
XpressTV,XpressTV,Science & Technology,Mexico,1.5M,62.2K,764,14.3M
Harsh Beniwal,Harsh Beniwal,Movies,India,11.6M,1.3M,55.4K,14.3M
Like Nastya IDN,Like Nastya IDN,Music & Dance,N/A,301.7K,N/A,N/A,14.3M
bbtvch7,Ch7HD,,Thailand,12.7K,235,4,14.3M
chadwildclay,Chad Wild Clay,Movies,United States,2.3M,43.8K,7.4K,14.3M
iTownGamePlay,iTownGamePlay *Terror&Diversión*,News & Politics,Mexico,131.2K,6.2K,340,14.3M
MartinGarrix,Martin Garrix,Music & Dance,United States,59.6K,1.9K,125,14.3M
Canal Nostalgia,Canal Nostalgia,Science & Technology,Brazil,265.1K,36.8K,536,14.3M
With Kids[위드키즈],With Kids[위드키즈],,United States,368.3K,N/A,N/A,14.3M
theslowmoguys,The Slow Mo Guys,Education,United States,1.2M,72.7K,3.2K,14.3M
LEGO,LEGO,Design/art,United States,21.5K,84,N/A,14.3M
mkmusicnews,MK MUSIC,Music & Dance,Brazil,53.3K,2.8K,122,14.2M
Daftar Populer,Daftar Populer,News & Politics,Indonesia,139.3K,2.9K,224,14.1M
Mobile Legends: Bang Bang Official,Mobile Legends: Bang Bang Official,Movies,Indonesia,259.3K,2.4K,21,14.1M
OfficialTrapCity,Trap City,Music & Dance,United States,44.4K,1.8K,77,14.1M
inventonahoratv,Invento na Hora,,Brazil,1.2M,152.9K,1.7K,14.1M
And TV,And TV,,India,15.2K,276,8,14.1M
PlayStation,PlayStation,,United States,24.5K,748,89,14.1M
camilaloures,Camila Loures,Food & Drinks,Brazil,310.4K,28.2K,456,14.1M
Genierock,Genierock,Music & Dance,Thailand,16.5K,340,20,14.1M
Fede Vigevani,Fede Vigevani,,Mexico,3M,230.2K,9K,14.1M
It's Mamix,It's Mamix,DIY & Life Hacks,Russia,2.8M,276.3K,14.9K,14.1M
#Refugio Mental,#Refugio Mental,,Mexico,745.6K,8.1K,125,14.1M
Gyan Gamingㅤ,Gyan Gamingㅤ,,India,581.3K,70.9K,1.1K,13.9M
Maha Fun Tv,Maha Fun Tv,,India,9.1M,46.8K,946,13.9M
Johny FamilyShow,Johny FamilyShow,,N/A,170.7K,681,N/A,13.9M
Arif muhammad,Arif muhammad,Music & Dance,Indonesia,3M,93.5K,3.2K,13.9M
AM3NlC,AM3NlC,Food & Drinks,Brazil,215.9K,24.5K,266,13.9M
GMMTVSPOTLIKE,GMMTV OFFICIAL​​,Movies,Thailand,26.5K,779,29,13.9M
NikkieTutorials,NikkieTutorials,Design/art,United States,821.1K,55.7K,2.6K,13.9M
MasterskayaNastroeny,Мастерская Настроения,,Russia,390.4K,8.2K,203,13.9M
MRamadanOfficial,Mohamed Ramadan I محمد رمضان,Music & Dance,Egypt,761.5K,28.2K,1.8K,13.9M
F2Freestylers,F2Freestylers - Ultimate Soccer Skills Channel,Sports,United Kingdom,208.3K,9.4K,111,13.9M
BollywoodClassics,Bollywood Classics,Music & Dance,India,40.4K,329,15,13.9M
Smile Family Spanish,Smile Family Spanish,Animation,N/A,1.1M,7.6K,N/A,13.9M
WWWengie,Wengie,DIY & Life Hacks,United States,84.8K,5.7K,170,13.9M
thairathonline,Thairath Online,News & Politics,Thailand,25.5K,328,33,13.9M
Sourav Joshi Vlogs,Sourav Joshi Vlogs,Daily vlogs,India,6.3M,571.5K,17K,13.9M
TeamFilmsBhojpuri,Team Films Bhojpuri,Music & Dance,India,8.2K,229,46,13.8M
SOMOY TV,SOMOY TV,Daily vlogs,Bangladesh,8.6K,179,15,13.8M
bbchindi,BBC News Hindi,News & Politics,India,235.7K,N/A,336,13.7M
Anasala I أنس و أصالة,Anasala I أنس و أصالة,,Egypt,2.8M,189.5K,6.3K,13.7M
Zach Choi ASMR,Zach Choi ASMR,Daily vlogs,United States,765.6K,40K,1.3K,13.7M
MAIKI021,MAIKI021,Autos & Vehicles,Brazil,38.5K,5.7K,177,13.7M
bomberball,Bie The Ska,,Thailand,892.8K,30.9K,713,13.7M
Doc Tops,Doc Tops,News & Politics,Mexico,1.4M,75.7K,2.2K,13.7M
mispastelitosyoutub,Mis Pastelitos,Food & Drinks,Mexico,2.3M,109.6K,3.6K,13.7M
CH8vdo,ช่อง8 : Thai Ch8,,Thailand,6.8K,115,3,13.7M
Трум Трум,Трум Трум,Humor,Russia,450.8K,6.1K,205,13.7M
vetealaversha,Darkar Company Studios,Animation,Mexico,416.1K,48.8K,678,13.7M
ndtvindia,NDTV India,News & Politics,India,20K,605,71,13.6M
dangmattsmith,Dang Matt Smith,Animation,United States,287.9K,9.3K,642,13.5M
O Canal do Joãozinho - Little Angel Português,O Canal do Joãozinho - Little Angel Português,Animation,N/A,805.2K,5.7K,N/A,13.5M
zeefilmimusic,Zee Music Classic,Music & Dance,India,27.7K,205,22,13.5M
Kurt Hugo Schneider,Kurt Hugo Schneider,,United States,48.8K,2.8K,80,13.5M
AzzyLand,AzzyLand,Animation,United States,198.5K,7.3K,455,13.5M
TWICE,TWICE,Music & Dance,Philippines,793.7K,78.1K,2.6K,13.5M
The World Adventures हिन्दी,The World Adventures हिन्दी,Daily vlogs,India,46.7K,2.5K,60,13.5M
NehaKakkarOfficial,Neha Kakkar,Music & Dance,India,0,N/A,N/A,13.5M
Zach King,Zach King,Humor,United States,1.2M,82.3K,1K,13.5M
Daily Dose Of Internet,Daily Dose Of Internet,Animals & Pets,United States,4.5M,265.1K,8.6K,13.5M
laharimusic,Lahari Music | T-Series,Music & Dance,India,54.9K,2.1K,56,13.5M
TheABSCBNNews,ABS-CBN News,News & Politics,Philippines,4.5K,47,6,13.4M
CNN,CNN,News & Politics,United States,239.2K,3.1K,2.9K,13.4M
NOBRU,NOBRU,Video games,Brazil,109.7K,12.2K,285,13.3M
fcbarcelona,FC Barcelona,Sports,India,207.5K,13.2K,356,13.3M
A2 Motivation {Arvind Arora},A2 Motivation {Arvind Arora},,India,543.2K,62.5K,531,13.3M
crashcourse,CrashCourse,Science & Technology,United States,47.6K,1.7K,37,13.3M
UFC,UFC - Ultimate Fighting Championship,Sports,United States,155.2K,2.9K,347,13.3M
infobells,infobells,Education,N/A,16.6K,82,N/A,13.3M
pognalishow,Дима Масленников,Video games,Russia,4.8M,436.9K,14.3K,13.3M
TazerCraft,TazerCraft,Animation,Brazil,352.8K,26.8K,532,13.3M
GallinaPintadita,Gallina Pintadita,Animation,N/A,403.9K,2.3K,N/A,13.3M
elcanaldePlimPlim,Plim Plim - Kids Songs & Episodes - Spanish,Music & Dance,N/A,831.3K,4.9K,N/A,13.3M
RosannaPansino,Rosanna Pansino,Food & Drinks,United States,206K,8.4K,102,13.3M
Online Job,Online Job,,India,10.1K,305,51,13.3M
Kuplinov ► Play,Kuplinov ► Play,Video games,Russia,1.2M,67.7K,2.5K,13.3M
EdisonPts,EdisonPts,Video games,Russia,2M,153.8K,7.6K,13.3M
MNCTVOfficial,MNCTV Official,Music & Dance,Indonesia,4.1K,126,6,13.2M
Totoy kids - Español,Totoy kids - Español,Toys,N/A,165.9K,1K,N/A,13.1M
The LaBrant Fam,The LaBrant Fam,Music & Dance,United States,792.5K,25.7K,N/A,13.1M
Bizarrap,Bizarrap,Music & Dance,Argentina,80.5M,5.6M,313.6K,13.1M
Wow Kidz Action,Wow Kidz Action,,N/A,1.2M,9.6K,N/A,13.1M
AtlanticVideos,Atlantic Records,Music & Dance,United States,9.6K,325,17,13.1M
Blippi Español,Blippi Español,Toys,N/A,891.8K,3.8K,N/A,13.1M
CoryxKenshin,CoryxKenshin,Video games,United States,4.7M,338.8K,20.6K,13.1M
theRadBrad,theRadBrad,Video games,United States,186.4K,8.8K,613,13.1M
mymissanand,MyMissAnand,Movies,India,2.1M,80.9K,1.2K,13.1M
Narins Beauty,Narins Beauty,,Iraq,2.7M,267.2K,8.8K,13.1M
TV Ana Emilia,TV Ana Emilia,Fashion,Mexico,425.6K,14.1K,1.4K,13.1M
iloveindianmakeup,Anaysa,Humor,India,933.6K,38K,1.4K,13.1M
Auron,Auron,Video games,Mexico,2.2M,137.7K,1.7K,13.1M
Unspeakable,Unspeakable,Video games,United States,1.9M,39.3K,2.2K,13M
narendramodionline,NMF News,News & Politics,India,6.2K,123,18,13M
Zig & Sharko,Zig & Sharko,,N/A,375.3K,2.6K,N/A,12.9M
The Shiny Peanut,The Shiny Peanut,,Indonesia,35.7K,752,48,12.9M
djzoi0,Everson Zoio,Humor,Brazil,631K,80.1K,2.8K,12.9M
Fun For Kids TV - Hindi Rhymes,Fun For Kids TV - Hindi Rhymes,,N/A,0,N/A,N/A,12.9M
50CentMusic,50 Cent,Music & Dance,United States,100.7K,5.8K,431,12.9M
News18 India,News18 India,News & Politics,India,2.7K,51,7,12.9M
MattSDance,Matt Steffanina,Music & Dance,United States,124.5K,7.8K,104,12.9M
SaturdayNightLive,Saturday Night Live,Movies,United States,1.1M,19.2K,858,12.9M
MrSuicideSheep,MrSuicideSheep,,United States,94.4K,4K,100,12.9M
YOLO,YOLO,,Mexico,267.1K,26.2K,1.9K,12.9M
MrBeast Shorts,MrBeast Shorts,Daily vlogs,United States,0,N/A,N/A,12.9M
SrtaLynaV,Lyna,Animation,Argentina,737.1K,37.7K,1.7K,12.9M
MazhavilManorama,Mazhavil Manorama,,India,22.3K,332,10,12.8M
Desi Gamers,Desi Gamers,,India,727.8K,94.7K,3.8K,12.7M
ChallengeAcceptedInc,Aphmau,Animation,United States,3.9M,84.6K,4.2K,12.7M
The Q,The Q,,United States,128.6K,4.9K,228,12.7M
Aadishakti Films,Aadishakti Films,Music & Dance,India,39K,1.4K,152,12.7M
O Que Não Dizer Oficial,O Que Não Dizer Oficial,,Brazil,113.5K,14.3K,53,12.7M
skillzaisherebooya,Conor Maynard,Music & Dance,United States,305.8K,21.4K,578,12.7M
twentyonepilots,twenty one pilots,Music & Dance,United States,1.7M,153.9K,7.2K,12.7M
#Refúgio Mental,#Refúgio Mental,,Brazil,471.8K,10.3K,87,12.7M
ABCNews,ABC News,News & Politics,United States,12K,191,139,12.7M
DALLMYD,DALLMYD,Mystery,United States,322.7K,12.4K,735,12.7M
PozzitifonShow,Поззи,Video games,Russia,1.4M,87.7K,4.7K,12.7M
1032010814,TKOR,DIY & Life Hacks,United States,107.1K,3.8K,256,12.7M
typicalgamer,Typical Gamer,Video games,United States,804.4K,14.3K,474,12.7M
123 GO! Spanish,123 GO! Spanish,Toys,Mexico,888K,11.8K,235,12.7M
Like Nastya VNM,Like Nastya VNM,,N/A,666.4K,N/A,N/A,12.7M
Health Time,Health Time,Daily vlogs,India,12.6K,467,16,12.6M
Dangal TV Channel,Dangal TV Channel,,India,332.4K,2.6K,19,12.6M
Wish 107.5,Wish 107.5,Music & Dance,Philippines,146.8K,4.4K,372,12.6M
RedeTVhdBrasil,RedeTV,News & Politics,Brazil,2.7K,74,3,12.6M
NishaMadhulika,Nisha Madhulika,Food & Drinks,India,220.6K,5.2K,934,12.5M
ETV Jabardasth,ETV Jabardasth,,India,192.6K,2.7K,44,12.5M
ETV Jabardasth,ETV Jabardasth,,India,192.6K,2.7K,44,12.5M
canalparafernalha,Parafernalha,,Brazil,50.8K,4.4K,49,12.5M
Knowledge Tv हिन्दी,Knowledge Tv हिन्दी,Education,India,158.7K,9.4K,468,12.5M
JDCav24,ATHLEAN-X™,Fitness,United States,395.6K,19K,693,12.5M
MusicTalentNow,Top Viral Talent,,United States,19.9K,401,22,12.5M
Vlad and Niki ARA,Vlad and Niki ARA,,N/A,457.2K,3.8K,N/A,12.5M
React,People Vs Food,Food & Drinks,United States,464.2K,18K,1K,12.5M
zeetvtelugu,Zee Telugu,,India,128.3K,1.3K,12,12.5M
PrestonPlayz,PrestonPlayz,Video games,United States,2.1M,48.8K,4K,12.5M
BUDI01 GAMING,BUDI01 GAMING,Video games,Indonesia,1.1M,91.5K,7.1K,12.5M
MstrJames,Hacksmith Industries,DIY & Life Hacks,United States,896.7K,46.3K,1.8K,12.5M
Blossom,Blossom,,United States,111K,2.2K,33,12.4M
JesseAndMike,JesseAndMike,Humor,United States,523.8K,6.6K,152,12.4M
LOUD,LOUD,,Brazil,138.5K,15.5K,53,12.3M
Hongyu ASMR 홍유,Hongyu ASMR 홍유,ASMR,United States,1.3M,15.6K,646,12.3M
Taarak Mehta Ka Ooltah Chashmah,Taarak Mehta Ka Ooltah Chashmah,,India,701.3K,10.8K,151,12.3M
htpunjabi,Lokdhun Punjabi,Music & Dance,India,16.2K,346,8,12.3M
Piuzinho,Piuzinho,Video games,Brazil,233.3K,45.8K,625,12.3M
DisneyChannelUK,DisneyChannelUK,,Singapore,0,N/A,N/A,12.3M
Meghan Trainor,Meghan Trainor,Music & Dance,United States,11.4K,564,35,12.3M
Juliana Baltar,Juliana Baltar,Toys,Brazil,286.6K,18.6K,335,12.3M
5-Minute Crafts Recycle,5-Minute Crafts Recycle,,India,102.3K,855,25,12.3M
أترو/Atro,أترو/Atro,,Iraq,521K,71.6K,9.9K,12.3M
alanalan9635,Stokes Twins,Humor,United States,9.9M,281.5K,19.4K,12.3M
BBC,BBC,,United Kingdom,40.7K,673,87,12.3M
AdexeOficial,Adexe & Nau,Music & Dance,Mexico,38.3K,4.4K,367,12.3M
gymvirtual,gymvirtual,Music & Dance,Mexico,76.4K,3.5K,89,12.3M
einerdtv,Ei Nerd,Movies,Brazil,265.4K,42.3K,1.2K,12.3M
Alex Gonzaga Official,Alex Gonzaga Official,Music & Dance,Philippines,2.9M,116.6K,2.9K,12.3M
Gibby :),Gibby :),Daily vlogs,Mexico,582.6K,28.4K,1.8K,12.3M
LittleBabyBumEspanol,Little Baby Bum en Español,Autos & Vehicles,N/A,98.2K,N/A,N/A,12.3M
Melon City Show - برنامج ولاية بطيخ,Melon City Show - برنامج ولاية بطيخ,,Iraq,405.6K,24.4K,496,12.3M
Troom Troom PT,Troom Troom PT,Toys,Brazil,201.4K,4.7K,58,12.3M
Jake Fellman,Jake Fellman,,United States,857.6K,36.7K,167,12.3M
jazzghost1,Jazzghost,Animation,Brazil,758.7K,55.9K,2K,12.3M
Like Nastya Stories,Like Nastya Stories,,N/A,166.2K,1.2K,N/A,12.3M
Bela Bagunça,Bela Bagunça,Toys,Brazil,74.8K,4.4K,148,12.3M
tseriesregional,T-Series Regional,Music & Dance,India,6.9K,148,18,12.1M
Brawl Stars,Brawl Stars,Animation,United States,6.4M,181.2K,6.9K,12.1M
Crescendo com Luluca,Crescendo com Luluca,Toys,Brazil,1.3M,52.8K,4.4K,12.1M
PowerfulJRE,PowerfulJRE,Daily vlogs,United States,498.9K,14.7K,1.8K,12.1M
bbcnews,BBC News,News & Politics,United Kingdom,236.2K,3.3K,1.8K,12.1M
JustForLaughsTV,Just For Laughs Gags,,India,66.4K,1.2K,46,12.1M
NORMAN FAIT DES VIDÉOS,NORMAN FAIT DES VIDÉOS,Animation,France,1.8M,168.2K,6.9K,12.1M
GoldClassics,Goldmines Premiere,,N/A,9.9K,154,N/A,12.1M
awakeningrecords,Awakening Music,Music & Dance,Indonesia,16.8K,1.2K,60,12.1M
OficialPeppa,Peppa Pig em Português Brasil - Canal Oficial,Toys,N/A,634.6K,4.1K,N/A,12.1M
zeebangla,Zee Bangla,,India,43.9K,476,7,12M
MY FAMILY,MY FAMILY,,India,1.1M,6.7K,208,11.9M
Kabita's Kitchen,Kabita's Kitchen,,India,298.8K,7.3K,768,11.9M
KaKa Kids TV - Nursery Rhymes Kids Animated Songs,KaKa Kids TV - Nursery Rhymes Kids Animated Songs,,N/A,15.2K,64,N/A,11.9M
EU FICO LOKO,EU FICO LOKO,,Brazil,9.7K,988,11,11.9M
Zeinab Harake,Zeinab Harake,Daily vlogs,Philippines,1.3M,71.2K,1.8K,11.9M
OReinho,O Reino Infantil,Music & Dance,N/A,109.3K,489,N/A,11.9M
HZHtube Kids Fun,HZHtube Kids Fun,Toys,N/A,491.2K,3.1K,N/A,11.9M
HusamYK,Katakit Baby TV,Music & Dance,Saudi Arabia,179.9K,1.6K,N/A,11.9M
MrGear,MrGear,,United States,44.7K,587,47,11.9M
Migosatl,Migos ATL,Music & Dance,United States,3.3M,131K,5.3K,11.9M
TheDaniRep,DaniRep | +6 Vídeos Diarios De GTA 5 Online!,Animation,Mexico,349.9K,19.5K,346,11.9M
colinfurze,colinfurze,DIY & Life Hacks,United States,1.1M,36.8K,1.1K,11.9M
Planet Earth INDIA,Planet Earth INDIA,Daily vlogs,India,459.8K,18.1K,460,11.9M
karameeshchannel,karameeshchannel,Music & Dance,N/A,389.3K,2.9K,N/A,11.9M
RayWilliamJohnson,Ray William Johnson,,United States,4M,356.5K,1.8K,11.9M
Lulu99,Lulu99,,Colombia,591.6K,39.8K,2.8K,11.9M
Dear Sir,Dear Sir,Education,India,261.4K,15.6K,1.2K,11.9M
officialjassrecords,Jass Records,Music & Dance,India,223.8K,3.5K,410,11.8M
YairAuriazul,Yair17,,Mexico,324.2K,37.6K,972,11.8M
disneyjunior,Disney Junior,Music & Dance,N/A,92.5K,270,N/A,11.8M
ГЛЕНТ,ГЛЕНТ,Video games,Russia,3.3M,281.7K,9.5K,11.8M
Study IQ education,Study IQ education,Education,India,11.4K,519,12,11.7M
Más SKabeche,Más SKabeche,,Mexico,793.9K,46.9K,945,11.7M
My Mate Nate,My Mate Nate,,Thailand,1.4M,53.8K,2K,11.7M
FrontaL Gaming,FrontaL Gaming,Animation,Indonesia,490.8K,35.5K,1.8K,11.7M
Blockbuster Movies,Blockbuster Movies,Daily vlogs,India,118.5K,1.1K,23,11.7M
JOJO TV - Hindi Stories,JOJO TV - Hindi Stories,,India,122.2K,833,N/A,11.7M
AvrilLavigne,Avril Lavigne,Music & Dance,United States,2.8M,130.4K,6.5K,11.7M
Dani Russo Tv,Dani Russo Tv,Music & Dance,Brazil,10.9K,1.4K,121,11.7M
Wolfoo Channel,Wolfoo Channel,Toys,N/A,1.1M,6.2K,N/A,11.7M
MORGENSHTERN,MORGENSHTERN,Humor,Russia,11M,789.9K,54.8K,11.7M
rebeccazamolo1,Rebecca Zamolo,Video games,United States,2.8M,70.6K,6.9K,11.7M
Ice Cream Rolls,Ice Cream Rolls,,United States,50.4K,2.2K,112,11.7M
TommyInnit,TommyInnit,Animation,United States,3.4M,294.6K,14.4K,11.7M
Morgz,Morgz,Video games,United States,0,N/A,N/A,11.7M
TheInfographicsShow,The Infographics Show,Education,United States,348.8K,10.3K,764,11.7M
1veritasium,Veritasium,Science & Technology,United States,3.9M,169.3K,7.8K,11.7M
Come Play With Me,Come Play With Me,Toys,N/A,2.7M,N/A,N/A,11.7M
hamaarbhojpuri,T-Series Hamaar Bhojpuri,Music & Dance,India,13.5K,177,17,11.7M
Troom Troom India,Troom Troom India,,India,452.9K,5.1K,230,11.7M
YOLO AVENTURAS,YOLO AVENTURAS,Daily vlogs,Colombia,838.4K,74.9K,7K,11.6M
TheDodoSite,The Dodo,Animals & Pets,United States,608.9K,22.9K,812,11.6M
Panda,Panda,Animation,India,1.1M,103.7K,1.9K,11.6M
Troom Troom Indonesia,Troom Troom Indonesia,Toys,Indonesia,256.7K,2.5K,96,11.6M
RaptorGamer,RaptorGamer,Video games,Mexico,741.4K,46.5K,1.5K,11.5M
CrazyRussianHacker,CrazyRussianHacker,DIY & Life Hacks,United States,75.1K,2.3K,139,11.5M
Kluna Tik,Kluna Tik,,United States,442.1K,5.4K,367,11.5M
Codiscos,Codiscos,Music & Dance,Colombia,9.4K,195,7,11.5M
Garena Free Fire LATAM,Garena Free Fire LATAM,,Mexico,277.5K,6.1K,222,11.5M
LIV Crime,LIV Crime,Daily vlogs,India,271.6K,2.6K,72,11.5M
hoiitsroi,Wassabi,Humor,United States,692.4K,47.6K,4.8K,11.5M
Nat and Essie,Nat and Essie,Toys,N/A,289.2K,1.8K,N/A,11.5M
thinkmusicindia,Think Music India,Music & Dance,India,75.4K,3.2K,106,11.5M
The MriDul,The MriDul,,India,8.9M,293K,10.3K,11.5M
BanderitaX,BanderitaX,Animation,Saudi Arabia,1.4M,101.2K,3.8K,11.5M
Americanvogue,Vogue,Fashion,United States,324.2K,13.3K,412,11.5M
luansantanaoficial,Luan Santana,Music & Dance,Brazil,3.4M,54.9K,4.7K,11.5M
FIFATV,FIFA,Sports,United States,63.4K,1.9K,152,11.5M
Davie504,Davie504,Music & Dance,United States,2M,194.4K,1.4K,11.5M
Mor Haryanvi,Mor Haryanvi,Music & Dance,India,3.3M,49K,6.3K,11.5M
ExpCaseros,ExpCaseros,DIY & Life Hacks,Spain,54.1K,2.3K,98,11.5M
TsMadaan,TsMadaan,Education,India,64.1K,1.5K,102,11.5M
Koo Koo TV - Hindi,Koo Koo TV - Hindi,,India,442.7K,4.5K,88,11.5M
CHHOTU KI MASTI,CHHOTU KI MASTI,,India,5M,47.3K,757,11.5M
Mythpat,Mythpat,,India,3M,310.4K,11.7K,11.5M
ndtv,NDTV,News & Politics,India,4.9K,84,19,11.4M
Ya - Alisa,Ya - Alisa,,N/A,28.6K,126,N/A,11.3M
Coke Studio,Coke Studio,Music & Dance,Pakistan,185.3K,5.4K,208,11.3M
DeGoBooM,DeGoBooM,Video games,Mexico,426K,16.3K,263,11.3M
htbhakti,Sonotek Bhakti,Music & Dance,India,101.8K,149,55,11.3M
MrTimbaVk,Timba Vk,Video games,Mexico,1.5M,63.8K,1.6K,11.3M
Yudist Ardhana,Yudist Ardhana,Video games,Indonesia,330.4K,11.2K,451,11.3M
elrubius,Rubius Z,Video games,Argentina,2.3M,194.6K,2.2K,11.3M
Trakin Tech,Trakin Tech,News & Politics,India,283.1K,21.9K,1.1K,11.3M
FelipeViktor,LipaoGamer,Animation,Brazil,164.5K,12.4K,168,11.3M
CaptainSparklez,CaptainSparklez,Video games,United States,111.2K,8K,436,11.3M
ماشا و الدب,ماشا و الدب,Animation,N/A,1.3M,11.6K,N/A,11.3M
MBCMASR,MBC مصر,,Egypt,2.7K,51,4,11.3M
eltreceok,El Trece,News & Politics,Argentina,3.6K,40,7,11.3M
Infobells Bangla,Infobells Bangla,Education,N/A,529.2K,2.3K,N/A,11.3M
MTV2,Wild 'N Out,Music & Dance,United States,221K,4.7K,180,11.3M
DANIEL EL TRAVIESO VIDEOS,DANIEL EL TRAVIESO VIDEOS,Animation,Colombia,959.7K,32.2K,1.2K,11.3M
UnspeakableGaming,UnspeakableGaming,Video games,United States,857.5K,16.5K,783,11.3M
luzugames,luzugames,Video games,Mexico,0,N/A,N/A,11.3M
lokdhuntv,Wave Music Bhakti,Music & Dance,India,7K,106,16,11.3M
gmanews,GMA News,News & Politics,Philippines,4.9K,50,12,11.3M
Sony Music South,Sony Music South,Music & Dance,India,265.3K,5.5K,135,11.3M
VyQwaint,Vy Qwaint,Video games,United States,2.2M,43.2K,7K,11.2M
Wolfoo Family,Wolfoo Family,Animation,N/A,1.5M,9K,N/A,11.2M
KompasTVNews,KOMPASTV,News & Politics,Indonesia,5.2K,37,22,11.2M
MaJa Tv Hindi Stories,MaJa Tv Hindi Stories,,India,518.7K,5.5K,110,11.2M
Hero Movies 2022,Hero Movies 2022,Daily vlogs,India,177.7K,1.2K,22,11.1M
Rauw Alejandro,Rauw Alejandro,Music & Dance,Peru,0,N/A,N/A,11.1M
الجانب المُشرق | Bright Side Arabic,الجانب المُشرق | Bright Side Arabic,,Egypt,24.2K,744,44,11.1M
123 GO!,123 GO!,Humor,United States,656K,5.9K,183,11.1M
TastyCompot,Compot,Video games,Russia,1.7M,74.4K,2.9K,11.1M
办公室小野 Ms Yeah,办公室小野 Ms Yeah,,United States,232.6K,20K,61,11.1M
epicfortnite,Fortnite,Video games,United States,321.3K,10.3K,433,11.1M
Magic Five,Magic Five,Video games,Russia,4M,230.2K,17.1K,11.1M
Biperysusamigos,Biper y sus Amigos,Music & Dance,N/A,539.5K,N/A,N/A,11.1M
crackrockcandy,Maymo,,United States,328.2K,1.3K,67,11.1M
FirstWeFeast,First We Feast,Food & Drinks,United States,308.2K,14.1K,689,11.1M
realannoyingorange,Annoying Orange,Animation,United States,121.5K,2.8K,361,11.1M
ElRinconDeGiorgio,El Rincón De Giorgio,Video games,Spain,1.8M,170.4K,3.1K,11.1M
ExplosmEntertainment,ExplosmEntertainment,Movies,United States,711.2K,45.2K,2.2K,11.1M
Jaiden Animations,Jaiden Animations,,United States,5.6M,602.7K,94.3K,11.1M
Emily Tube,Emily Tube,Animation,N/A,0,N/A,N/A,11.1M
yogawithadriene,Yoga With Adriene,Fitness,United States,952K,19.7K,702,11.1M
Mo Vlogs,Mo Vlogs,Humor,India,401.5K,24.2K,909,11.1M
Star Casablanca | نجوم الدار البيضاء,Star Casablanca | نجوم الدار البيضاء,Music & Dance,Iraq,46.5K,2.2K,164,11.1M
BBCEarth,BBC Earth,Animals & Pets,United States,87.7K,2.5K,192,11.1M
Morphle TV,Morphle TV,Animation,N/A,112.1K,N/A,N/A,11.1M
Free Fire India Official,Free Fire India Official,Animation,India,177.7K,15.6K,821,11.1M
YMWayneCarter,Lil Wayne,Music & Dance,United States,2M,100.1K,4.8K,11.1M
GoldminesAction,GoldminesAction,,N/A,8.4K,116,N/A,11.1M
coisadenerd,Coisa de Nerd,Design/art,Brazil,1.1M,126.1K,3.7K,11.1M
Vlad and Niki ESP,Vlad and Niki ESP,Toys,N/A,1.5M,8.1K,N/A,11.1M
Alejo Igoa,Alejo Igoa,DIY & Life Hacks,Argentina,4.1M,142.2K,4K,11M
Simone e Simaria,Simone e Simaria,Music & Dance,Brazil,2.4M,57.2K,1.7K,10.9M
YoungBoy Never Broke Again,YoungBoy Never Broke Again,Music & Dance,United States,7.6M,274.7K,23.2K,10.9M
TheViralFeverVideos,The Viral Fever,Movies,India,1.9M,89.4K,3K,10.9M
hawkrecord,Single Track Studio,Music & Dance,India,989.2K,29.8K,439,10.9M
Avocado Couple I Crazy Comics,Avocado Couple I Crazy Comics,,United States,579.1K,5.3K,83,10.9M
mirandasings08,Miranda Sings,Humor,United States,153.9K,10.3K,1.1K,10.9M
watchcut,Cut,Humor,United States,409.6K,16.9K,762,10.9M
oyabakatousan,"Sen, Momo, Ai & Shii's Channel",Daily vlogs,N/A,92.5K,340,N/A,10.9M
pocoyotv,POCOYÓ en ESPAÑOL - Canal Oficial,,N/A,130.1K,1.4K,N/A,10.9M
MashaBearUkraine,Маша та Ведмідь,Education,N/A,218.6K,1.2K,N/A,10.9M
chotoonz,Chotoonz TV - Funny Cartoons for Kids,,N/A,79.6K,N/A,N/A,10.9M
Луномосик,Луномосик,Video games,Russia,2.5M,83.9K,2.9K,10.9M
barbie,Barbie,,N/A,161.9K,365,N/A,10.9M
Technology Gyan,Technology Gyan,,India,331.2K,26.4K,1.4K,10.9M
TygaTygaTV,Tyga,Music & Dance,United States,45.6K,3.1K,83,10.9M
comedycentral,Comedy Central,Humor,United States,42.4K,924,50,10.9M
DemolitionRanch,DemolitionRanch,Video games,United States,1.6M,75.4K,5.4K,10.9M
RapGeniusVideo,Genius,Music & Dance,United States,52.1K,2.2K,144,10.9M
WiederDude,WiederDude,,United States,863K,17.6K,418,10.9M
E-MasterSensei,E-MasterSensei,Animation,Mexico,1.5M,103.2K,1.3K,10.9M
CarryisLive,CarryisLive,,India,916.9K,84.1K,389,10.9M
Juanpa Zurita,Juanpa Zurita,,Mexico,1.9M,149.4K,4.2K,10.9M
BakLol Video,BakLol Video,Movies,India,1.4M,33.4K,1.8K,10.9M
HellomaphieMX,HellomaphieMX,DIY & Life Hacks,Mexico,654.4K,76K,284,10.9M
Levinho,Levinho,,India,304.1K,29.3K,850,10.9M
jpgameplayfull,JP Plays,Video games,Brazil,112.7K,6K,207,10.9M
Dan Rhodes,Dan Rhodes,Animation,India,334.1K,29.6K,211,10.8M
geonews,Geo News,News & Politics,Pakistan,3.8K,53,5,10.8M
ToysPlay,ToysPlay,Animation,N/A,183.4K,1.1K,N/A,10.7M
bharatzkitchen HINDI,bharatzkitchen HINDI,,India,232.9K,6K,199,10.7M
Área Secreta,Área Secreta,DIY & Life Hacks,Brazil,0,N/A,N/A,10.7M
Virgínia Fonseca,Virgínia Fonseca,Daily vlogs,Brazil,922.6K,78.6K,1.4K,10.7M
programagalofrito,Galo Frito,,Brazil,7.7K,777,19,10.7M
FilmTheorists,The Film Theorists,Movies,United States,2.2M,110.3K,5.5K,10.7M
videogyan,Videogyan Nursery Rhymes - Kids Songs & Cartoons,Animation,N/A,69K,318,N/A,10.7M
GamesEduUu,Games EduUu,Movies,Brazil,1.5M,218.1K,7.7K,10.7M
MC Divertida,MC Divertida,Music & Dance,N/A,230.3K,2K,N/A,10.7M
kidstvindia,Kids TV India Hindi Nursery Rhymes,Education,N/A,69.7K,327,N/A,10.7M
TiempodeSol,Duo Tiempo De Sol,Music & Dance,N/A,423.7K,1.6K,N/A,10.7M
"Baby Big Mouth Kids - Sing, Dance, Explore","Baby Big Mouth Kids - Sing, Dance, Explore",Animation,N/A,1K,18,N/A,10.7M
Quantum Tech HD,Quantum Tech HD,,United States,1.2M,7.2K,109,10.7M
ComedyShortsGamer,Deji,Animation,United Kingdom,1.5M,50.7K,3.2K,10.7M
HikakinTV,HikakinTV,Music & Dance,Japan,1.2M,42.6K,1.8K,10.7M
storybots,Netflix Jr.,Animation,N/A,38.6K,105,N/A,10.7M
GoProCamera,GoPro,Sports,United States,55.3K,2.1K,59,10.7M
Slogomanify,Slogo,Video games,United States,387.1K,17.8K,424,10.7M
tomiii 11,tomiii 11,Daily vlogs,Mexico,78.5K,9.7K,445,10.7M
Narendra Modi,Narendra Modi,Science & Technology,India,31.5K,1.8K,133,10.7M
Dobre Brothers,Dobre Brothers,Humor,United States,284.4K,10.2K,381,10.7M
OGGY,OGGY,,N/A,504.3K,5.5K,N/A,10.7M
OYUNCAKOYNUYORUM,OYUNCAKOYNUYORUM,,N/A,311.2K,1.1K,N/A,10.7M
Experienced Mojaraba TV,Experienced Mojaraba TV,Health & Self Help,United States,190.7K,5.2K,128,10.7M
rangeldovine,Lucas Rangel,,Brazil,169.6K,18.2K,69,10.6M
NEXT9NEWS हर खबर आप तक,NEXT9NEWS हर खबर आप तक,,India,1.6K,7,N/A,10.6M
Jessica Jane,Jessica Jane,Food & Drinks,Indonesia,826.4K,46.2K,1.1K,10.5M
Ceylin - H Official,Ceylin - H Official,Music & Dance,Cyprus,73.1K,N/A,N/A,10.5M
stampylonghead,stampylonghead,Video games,United States,155.9K,8.2K,759,10.5M
Flamingo,Flamingo,Animation,United States,2.1M,68.3K,7.1K,10.5M
Golemcito Games,Golemcito Games,Video games,Peru,2.8M,290K,6.4K,10.5M
Daniel LaBelle,Daniel LaBelle,,United States,5.6M,273.6K,2.4K,10.5M
Vox,Vox,News & Politics,United States,2.3M,69.3K,3.6K,10.5M
craftingeek,Craftingeek,,Mexico,231.2K,9.2K,113,10.5M
francinyehlke,Franciny Ehlke,Fashion,Brazil,197.2K,19.2K,629,10.5M
BuzzFeedYellow,As/Is,Fashion,United States,27.1K,1.1K,12,10.5M
doctruyencotich,Kênh Thiếu Nhi - BHMEDIA,Music & Dance,United States,21.3K,94,N/A,10.5M
ChillStepNation,Chill Nation,Music & Dance,United States,53.7K,1.1K,46,10.5M
Acenix,Acenix,Video games,Mexico,2.4M,111K,2.2K,10.5M
Taylor RS,Taylor RS,,United States,39.8K,348,12,10.5M
pinkfongko,핑크퐁 (인기 동요・동화),Music & Dance,N/A,66.9K,325,N/A,10.5M
SaraBeautyCorner,"SaraBeautyCorner - DIY, Comedy, Makeup, Nail Art",DIY & Life Hacks,United States,133.3K,7.6K,722,10.5M
WarnerBrosPictures,Warner Bros. Pictures,Movies,United States,424.8K,17.7K,861,10.5M
Google,Google,,United States,11.6K,158,15,10.5M
redbull,Red Bull,Sports,United States,292.5K,5.2K,246,10.5M
LA DIVAZA,LA DIVAZA,,Mexico,0,N/A,N/A,10.5M
CJENMMUSIC,Stone Music Entertainment,Music & Dance,United States,8.4K,719,34,10.5M
telugufilmnagar,Telugu Filmnagar,,India,4.5K,71,2,10.5M
brancoala,Brancoala,Toys,Brazil,398.2K,8.2K,202,10.5M
Kids smile TV,Kids smile TV,,N/A,227.5K,1.4K,N/A,10.5M
soicon295,Magnet World,,United States,12.6K,423,5,10.5M
Sidhu Moose Wala,Sidhu Moose Wala,Music & Dance,India,3.9M,336K,59K,10.4M
AlArabiya,AlArabiya العربية,News & Politics,Morocco,6.3K,92,22,10.4M
Troom Troom Arabic,Troom Troom Arabic,,Egypt,558.9K,9.1K,184,10.3M
MeKcanal,Matheus e Kauan,Music & Dance,Brazil,6.2K,663,11,10.3M
DuDuPopTOY,DuDuPopTOY,Animation,N/A,16.1K,374,N/A,10.3M
Playing with Rafael,Playing with Rafael,,Brazil,3.9K,25,N/A,10.3M
Jamuna TV,Jamuna TV,News & Politics,Bangladesh,60.1K,1.5K,96,10.3M
Cris Devil Gamer,Cris Devil Gamer,Music & Dance,United States,460.5K,19.9K,669,10.3M
prantoniojunior,Pastor Antônio Júnior,Music & Dance,Brazil,341K,79.9K,8.8K,10.3M
Pari's Lifestyle,Pari's Lifestyle,Daily vlogs,India,545.6K,12.1K,113,10.3M
sbtthenoite,The Noite com Danilo Gentili,,Brazil,26.4K,1.4K,42,10.3M
HISHEdotcom,How It Should Have Ended,Movies,United States,903.9K,33.9K,1.3K,10.3M
penguinz0,penguinz0,Animation,United States,1.4M,49.3K,2.6K,10.3M
destinws2,SmarterEveryDay,Science & Technology,United States,1.9M,72.2K,4.7K,10.3M
Flowers Comedy,Flowers Comedy,,India,124.5K,2K,126,10.3M
lucygerardi43,Luli Pampín,Music & Dance,N/A,546.6K,3.1K,N/A,10.3M
cbstvdinsideedition,Inside Edition,News & Politics,United States,213.1K,5.5K,684,10.3M
Oum Walid,Oum Walid,Education,Algeria,527.8K,29.4K,1.6K,10.3M
Lofi Girl,Lofi Girl,Music & Dance,United States,96.9K,3.8K,179,10.3M
TwinRoozi 쌍둥이 루지,TwinRoozi 쌍둥이 루지,Daily vlogs,Indonesia,197.5K,N/A,N/A,10.3M
infobellskannada,infobells - Kannada,Education,N/A,759.4K,3.3K,N/A,10.3M
Mrwhosetheboss,Mrwhosetheboss,Science & Technology,United States,2.7M,152.9K,10.1K,10.3M
TikTak Draw,TikTak Draw,Science & Technology,Mexico,120.9K,7.7K,345,10.3M
sagahits,SagaHits,Music & Dance,India,45.3K,1.2K,51,10.3M
Sab kuchh sikho jano,Sab kuchh sikho jano,News & Politics,India,28.8K,1.5K,61,10.2M
zeetamil,Zee Tamil,,India,85K,1.6K,13,10.2M
Milena Stepanienco - MILENINHA,Milena Stepanienco - MILENINHA,Toys,Brazil,342.5K,2.6K,N/A,10.2M
Wylsacom,Wylsacom,News & Politics,Russia,946.9K,38.8K,6.9K,10.2M
TWO SIDE GAMERS,TWO SIDE GAMERS,,India,681.4K,62.3K,1.6K,10.1M
aljazeerachannel,AlJazeera Channel قناة الجزيرة,News & Politics,Morocco,36.7K,485,89,10.1M
cleanbandit,Clean Bandit,Music & Dance,United States,64.8K,2.1K,100,10.1M
JessicaJulioeBaby,Laurinha e Helena - Clubinho da Laura,Toys,Brazil,246.1K,5.7K,176,10.1M
Rawan and Rayan,Rawan and Rayan,Daily vlogs,Algeria,1M,61.5K,4.4K,10.1M
T-STUDIO,T-STUDIO,,United States,50.2K,4.9K,15,10.1M
TV9 Bharatvarsh,TV9 Bharatvarsh,News & Politics,India,27.9K,484,19,10.1M
AsapSCIENCE,AsapSCIENCE,Science & Technology,United States,772K,55.8K,1.8K,10.1M
Caso Cerrado,Caso Cerrado,,Mexico,410.7K,4.7K,174,10.1M
DalasReview,Dalas Review,Science & Technology,Mexico,684.7K,82.1K,9.7K,10.1M
francoescamilla,Franco Escamilla,,Mexico,450K,16.2K,352,10.1M
Pinkfong en español - Canciones Infantiles,Pinkfong en español - Canciones Infantiles,Animation,N/A,44.9K,156,N/A,10.1M
BE AMAZED,BE AMAZED,Education,United States,577K,14.1K,762,10.1M
Pen Multiplex,Pen Multiplex,,India,10.3K,60,5,10.1M
0214mex,はじめしゃちょー（hajime）,Music & Dance,Japan,1.2M,34.2K,1.3K,10.1M
Republic Bharat,Republic Bharat,News & Politics,India,15.4K,N/A,17,10.1M
Captain Watch Hits,Captain Watch Hits,,India,41.2K,234,6,10.1M
Влад и Никита,Влад и Никита,Toys,N/A,1M,6K,N/A,10.1M
Dynamo Gaming,Dynamo Gaming,,India,497.9K,58.5K,261,10.1M
TomorrowlandChannel,Tomorrowland,Music & Dance,Brazil,19.4K,914,50,10.1M
VitalyzdTv,VitalyzdTv,Humor,United States,67.9K,1.2K,236,10.1M
вДудь,вДудь,News & Politics,Russia,16.8M,615.5K,89.4K,10.1M
atv,atv,Animation,Turkey,41.2K,420,25,10.1M
Rachit Rojha,Rachit Rojha,,India,5.2M,101.8K,4.4K,10.1M
ChuChuTV Hindi,ChuChuTV Hindi,Education,N/A,160.6K,1K,N/A,10.1M
MTV,MTV,Music & Dance,United States,6.7K,343,23,10.1M
Hindi Kahaniya,Hindi Kahaniya,,India,159.2K,1.9K,52,10.1M
ctctv,СТС,Video games,Russia,19K,168,13,10.1M
Luan Palomera,Luan Palomera,,Mexico,757.5K,40.2K,1.6K,10.1M
Hindi Fairy Tales,Hindi Fairy Tales,,India,557.2K,9.3K,N/A,10.1M
Hindi Countdown,Hindi Countdown,Education,India,3.6M,89.6K,3K,10.1M
Diana and Roma IND,Diana and Roma IND,,N/A,294K,1.8K,N/A,10.1M
Lorrayne Oliveira,Lorrayne Oliveira,Toys,Brazil,281.5K,17.5K,502,10.1M
Busy Fun Ltd,Busy Fun Ltd,,India,2.4M,13.9K,334,10.1M
Goldmines Housefull,Goldmines Housefull,,N/A,13.4K,N/A,N/A,10M
RDCGujarati,RDC Gujarati,Music & Dance,India,26.1K,808,26,10M
Wolfoo's stories,Wolfoo's stories,Animation,N/A,724.3K,4.2K,N/A,10M
Juice WRLD,Juice WRLD,Music & Dance,United States,7.6M,308.3K,19.4K,10M
jordanmatter,Jordan Matter,Music & Dance,United States,4.9M,137K,12.5K,10M
whoisjimmy,How Ridiculous,Sports,United States,25.5M,750.3K,5.2K,9.9M
BestCodComedy,BCC Gaming,Video games,United States,2.3K,75,8,9.9M
familyfunpack,Family Fun Pack,,United States,114.5K,2.2K,273,9.9M
makebymarimaria,Mari Maria,Fashion,Brazil,132.1K,13.8K,436,9.9M
Toymong tv 토이몽TV,Toymong tv 토이몽TV,,N/A,27.1K,211,N/A,9.9M
BERTH-OH,BERTH-OH,,Mexico,520K,24.6K,591,9.9M
Comedy Captain,Comedy Captain,,India,16.3K,127,3,9.9M
Joe HaTTab,Joe HaTTab,Travel,Saudi Arabia,3.5M,233.2K,15.9K,9.9M
NASAtelevision,NASA,News & Politics,United States,92.6K,4.2K,N/A,9.9M
historychannel,HISTORY,,United States,71.2K,1.3K,108,9.9M
MSA previously My Story Animated,MSA previously My Story Animated,Animation,United States,5.4M,154K,4.8K,9.9M
Nirahua Music World,Nirahua Music World,,India,112.6K,5K,152,9.9M
Nickelodeon,Nickelodeon,Movies,N/A,60K,767,N/A,9.9M
Will Smith,Will Smith,Movies,United States,332.2K,10.5K,5.5K,9.9M
Heroine Movies 2022,Heroine Movies 2022,Daily vlogs,India,151.9K,1.1K,22,9.9M
WAMIndiaMovies,Wamindia Movies,,India,138.5K,2.2K,41,9.9M
shrutiarjunanand,Shruti Arjun Anand,Movies,India,1.5M,47.1K,1.5K,9.8M
barcroftmedia,truly,News & Politics,United States,105K,N/A,382,9.8M
5-Minute Recipes,5-Minute Recipes,,India,76.4K,860,15,9.8M
rathorvideo,Rathore Cassettes,,India,13.5K,134,13,9.8M
buzzfeedblue,BuzzFeed Multiplayer,,United States,8.5K,342,79,9.8M
5-Minute Crafts LIKE,5-Minute Crafts LIKE,,United States,48.3K,394,8,9.8M
panicopgm,Programa Pânico Lab,Toys,Brazil,22.9K,1.1K,27,9.8M
RUOK FF,RUOK FF,,Brazil,687K,80.7K,4K,9.8M
htv2channel,Vie Channel - HTV2,Music & Dance,United States,8.5K,114,7,9.8M
KiKiDo,KiKiDo,Video games,Russia,1.7M,44K,1.5K,9.8M
MBCkpop,MBCkpop,Music & Dance,Philippines,19K,925,87,9.8M
Receitas de Pai,Receitas de Pai,Food & Drinks,Brazil,99K,13K,336,9.8M
TheSyndicateProject,Syndicate,Video games,United States,157.7K,4.9K,1.3K,9.8M
Family Box,Family Box,Video games,Russia,510.7K,9.7K,483,9.8M
Sơn Tùng M-TP Official,Sơn Tùng M-TP Official,Music & Dance,United States,61.2K,4.6K,233,9.8M
Peppa Pig Hindi,Peppa Pig Hindi,Education,N/A,338.9K,2.5K,N/A,9.8M
Vlad and Niki PRT,Vlad and Niki PRT,,N/A,1.8M,N/A,N/A,9.7M
OneRepublic,OneRepublic,Music & Dance,United States,9.9K,749,21,9.7M
BBCArabicNews,BBC News عربي,News & Politics,Egypt,38.5K,736,145,9.7M
The Daily Show with Trevor Noah,The Daily Show with Trevor Noah,News & Politics,United States,497.4K,10.2K,1.1K,9.7M
Islam Populer,Islam Populer,Education,Indonesia,82.3K,2.1K,164,9.7M
Viki Show,Viki Show,Humor,Russia,2.8M,109.6K,3.1K,9.7M
Raditya Dika,Raditya Dika,Food & Drinks,Indonesia,179.2K,7.8K,299,9.7M
mrplotvideos,Mundo Bita,Music & Dance,N/A,505.9K,4.9K,N/A,9.7M
مصطفى GAME OVER,مصطفى GAME OVER,,Iraq,658.9K,74.9K,2.9K,9.7M
ChennaiExp2013,Red Chillies Entertainment,,India,28.4K,990,72,9.7M
MrGustavoParodias,Gustavo Paródias,Humor,Brazil,214.5K,22K,367,9.7M
ChuChuTV Español,ChuChuTV Español,Humor,N/A,35K,204,N/A,9.7M
welovekamikaze,welovekamikaze,,Thailand,3K,132,4,9.7M
singkingkaraoke,Sing King,Music & Dance,United States,10.8K,157,17,9.7M
EugenBro,EugenBro,Video games,Russia,724.3K,36.5K,2.7K,9.7M
KapilComedyNights,Colors Rishtey,,India,247.3K,1.7K,20,9.7M
Larva2011ani,Larva TUBA,,United States,21.8K,259,12,9.6M
Netflix Latinoamérica,Netflix Latinoamérica,,Mexico,20.3K,993,76,9.6M
ThePersica,Orkun Işıtmak,Video games,Turkey,1.7M,75.5K,2.1K,9.6M
TeremokTV,Теремок ТВ,Video games,N/A,117.3K,546,N/A,9.6M
Prince Royce,Prince Royce,Music & Dance,United States,7M,160.8K,3.6K,9.6M
قناة وناسة -  Wanasah TV,قناة وناسة -  Wanasah TV,Music & Dance,N/A,12.4M,78.2K,N/A,9.6M
Heidi y Zidane en español,Heidi y Zidane en español,Toys,N/A,339.4K,2.2K,N/A,9.6M
SerbianGamesBL2,Life Hacks & Experiments,,United States,42.5K,194,14,9.6M
mainaCassette,Haryanvi Maina,Music & Dance,India,6.3K,55,4,9.6M
mamilosmolengas,Mussoumano,Music & Dance,Brazil,860.5K,88.2K,3.6K,9.6M
sadhguru,Sadhguru,,India,196.7K,9.6K,186,9.6M
Sonotek Haryanvi,Sonotek Haryanvi,Music & Dance,India,11.3K,192,21,9.6M
Survival Builder,Survival Builder,,United States,151.6K,3.3K,134,9.6M
luisitorey,luisitorey,,Mexico,33.1K,2.2K,48,9.6M
Bispo Bruno Leonardo,Bispo Bruno Leonardo,Music & Dance,Brazil,577.9K,208.7K,139.8K,9.6M
bgfilms,Babish Culinary Universe,Food & Drinks,United States,817.9K,34.4K,1.2K,9.6M
5-Minute Crafts TEENS,5-Minute Crafts TEENS,,India,23.8K,386,13,9.6M
BIBI,BIBI,,Brazil,30.8K,3K,51,9.6M
ZarcortGame,ZarcortGame,Music & Dance,Mexico,111K,15.3K,538,9.5M
DELRECORDS,DEL Records,Music & Dance,Mexico,289K,12.8K,200,9.5M
ehbeefamily,The Bee Family,Humor,United States,58K,2.6K,170,9.5M
Eagle Home Entertainments,Eagle Home Entertainments,,India,3K,27,N/A,9.5M
Ben Azelart,Ben Azelart,Video games,United States,2.3M,89.3K,31.1K,9.5M
PicaPicaVEVO,Pica - Pica Oficial,,N/A,211.5K,519,N/A,9.5M
Talent Recap,Talent Recap,Music & Dance,United States,33.5K,328,29,9.5M
lincolnvelasquez,Cong TV,,Philippines,2.5M,163.6K,4.2K,9.5M
Garena Free Fire Brasil,Garena Free Fire Brasil,Video games,Brazil,200.9K,3.1K,302,9.5M
InquisitorMaster,InquisitorMaster,Animation,United States,544.3K,20.5K,1.3K,9.5M
Niki and Gabi,Niki and Gabi,Fashion,United States,485.5K,25.2K,531,9.5M
منوعات الكوميديا العراقية,منوعات الكوميديا العراقية,,Iraq,1.4M,78.5K,1.7K,9.5M
TopMovieClips,TopMovieClips,Movies,United States,268.3K,5.4K,190,9.5M
timesmusicindia,Times Music,Music & Dance,India,456.1K,10.3K,178,9.5M
DaBaby,DaBaby,Music & Dance,United States,976.4K,36.4K,1.3K,9.5M
Dharma Productions,Dharma Productions,,India,20.4K,1.2K,44,9.5M
IniTalkShow,Ini Talk Show,Music & Dance,Indonesia,0,N/A,N/A,9.5M
BETO GAMER,BETO GAMER,Animation,Brazil,448.9K,28.1K,372,9.5M
MrStiven Tc,MrStiven Tc,Video games,Colombia,671.7K,66.9K,352,9.5M
NetflixBRA,Netflix Brasil,Humor,Brazil,23.3K,1.6K,90,9.4M
JoeyGraceffa,Joey Graceffa,Animals & Pets,United States,317.9K,23.3K,2.9K,9.4M
aanandaaudio,Anand Audio,,India,132.3K,3.6K,126,9.4M
sonyliv,SonyLIV,,India,3.4K,56,3,9.4M
서은이야기[SeoeunStory],서은이야기[SeoeunStory],,N/A,36.5K,176,N/A,9.4M
Grandpa Kitchen,Grandpa Kitchen,Food & Drinks,United States,162.7K,8.6K,318,9.4M
MrMuselk,Muselk,Video games,United States,465.5K,19.6K,636,9.4M
JoshDub,JoshDub,Animation,United States,0,N/A,N/A,9.4M
BrPVPHu3,João Caetano,,Brazil,755.5K,69.1K,1.2K,9.4M
Power Vision,Power Vision,,United States,24.1K,428,4,9.4M
N1Noobtubers,웃웃TwinsFromRussia,Daily vlogs,India,55.6K,3.6K,19,9.4M
bhaktisongs,Shemaroo Bhakti,Music & Dance,India,2.8K,45,6,9.4M
The Voice Global,The Voice Global,Music & Dance,United States,320.8K,4.1K,87,9.4M
POPSVIETNAM,POPS MUSIC,Music & Dance,United States,7.7K,217,4,9.4M
CRACKS,CRACKS,Video games,Colombia,21.3K,2K,139,9.4M
hasanjr11,hasanjr11,,Indonesia,23K,2.3K,208,9.4M
Adriana Show,Adriana Show,Animation,N/A,53.8K,N/A,N/A,9.4M
Cleo y Cuquin - Canciones infantiles,Cleo y Cuquin - Canciones infantiles,Music & Dance,N/A,225.1K,1K,N/A,9.4M
efdewe,efdewe,Music & Dance,Indonesia,195K,11.2K,670,9.3M
SAS-ASMR,SAS-ASMR,,United States,216.7K,7.3K,238,9.3M
fozimozi,Fozi Mozi,,N/A,273.1K,3.2K,N/A,9.3M
sonotektv,Sonotek Music,Music & Dance,India,1.6M,34.5K,1K,9.3M
TeremokSongs,Теремок - Песенки для детей,Music & Dance,Russia,115.4K,615,N/A,9.3M
YFrostA,FROST,Video games,Russia,560.5K,48.5K,1.8K,9.3M
DreamworksAnimation,Peacock Kids,,N/A,12.2K,47,N/A,9.3M
RSVDO,rsfriends,Music & Dance,Thailand,4.4K,118,12,9.3M
Classic Mr Bean,Classic Mr Bean,,India,86K,1K,47,9.3M
LetDa Hyper,LetDa Hyper,Music & Dance,Indonesia,95K,5.2K,332,9.3M
brunoberti10,Irmãos Berti,Toys,Brazil,116.3K,7K,194,9.3M
Karina Garcia,Karina Garcia,DIY & Life Hacks,United States,220.8K,9.2K,301,9.3M
Bhojpuri Movies,Bhojpuri Movies,,India,4.2M,14.9K,142,9.3M
Dolly and Friends,Dolly and Friends,Animation,N/A,415.3K,2.7K,N/A,9.3M
PlaticaPolinesa,PlaticaPolinesia,Music & Dance,Mexico,38.5K,3.9K,370,9.3M
Bessan Ismail - بيسان اسماعيل,Bessan Ismail - بيسان اسماعيل,,Iraq,1.9M,175.1K,13K,9.3M
FoxNewsChannel,Fox News,News & Politics,United States,207.1K,5.1K,1.8K,9.3M
RoosterTeeth,Rooster Teeth,Movies,United States,40.8K,1.3K,136,9.3M
Rayito,Rayito,,Mexico,7.6K,306,33,9.3M
[햄지]Hamzy,[햄지]Hamzy,,United States,2.5M,55.8K,1.6K,9.3M
monsta,Monsta,,Indonesia,44.8K,1.2K,N/A,9.2M
Soothing Relaxation,Soothing Relaxation,Music & Dance,United States,112.3K,3.6K,258,9.2M
NFL,NFL,Sports,United States,107.3K,1.8K,206,9.2M
FilterCopy,FilterCopy,,India,723.4K,24.3K,326,9.2M
Thơ Nguyễn,Thơ Nguyễn,,United States,266.6K,3.9K,194,9.2M
Troom Troom SELECT,Troom Troom SELECT,Movies,United States,342.7K,4K,93,9.2M
chetakvideo,Chetak,Music & Dance,India,15.6K,308,10,9.2M
Denis,Denis,Video games,United States,194.2K,9.1K,461,9.2M
cartoonnetworkuk,Cartoon Network UK,,N/A,47.3K,387,N/A,9.2M
Tom Slime,Tom Slime,,United States,21K,206,10,9.2M
FutParódias,FutParódias,Music & Dance,Brazil,1.4M,110.1K,2.5K,9.2M
EL GATO,EL GATO,Toys,Brazil,243.8K,30.7K,636,9.2M
CinemaSins,CinemaSins,Movies,United States,296K,10.2K,874,9.2M
CricketICC,ICC,Sports,India,15.2K,854,58,9.2M
BRKsEDU,BRKsEDU,Animation,Brazil,112.3K,9.8K,246,9.2M
